Filename,Zero Crossing Rate,Label
102_1b1_Ar_sc_Meditron.wav,0.0022782681989559,Healthy
103_2b2_Ar_mc_LittC2SE.wav,0.0011096786180394,Asthma
104_1b1_Al_sc_Litt3200.wav,0.0067565828605417,COPD
104_1b1_Ar_sc_Litt3200.wav,0.0075590545598911,COPD
104_1b1_Ll_sc_Litt3200.wav,0.0038185311322236,COPD
104_1b1_Lr_sc_Litt3200.wav,0.0025001808449074,COPD
104_1b1_Pl_sc_Litt3200.wav,0.0060879636943882,COPD
104_1b1_Pr_sc_Litt3200.wav,0.0049721555467221,COPD
106_2b1_Pl_mc_LittC2SE.wav,0.0105326004205336,COPD
106_2b1_Pr_mc_LittC2SE.wav,0.0019916437064965,COPD
107_2b3_Al_mc_AKGC417L.wav,0.0037923932352088,COPD
107_2b3_Ar_mc_AKGC417L.wav,0.0041339635295823,COPD
107_2b3_Ll_mc_AKGC417L.wav,0.0089261437790023,COPD
107_2b3_Lr_mc_AKGC417L.wav,0.0064280923723897,COPD
107_2b3_Pl_mc_AKGC417L.wav,0.0085330263921113,COPD
107_2b3_Pr_mc_AKGC417L.wav,0.0072063968242459,COPD
107_2b3_Tc_mc_AKGC417L.wav,0.0043231583526682,COPD
107_2b4_Al_mc_AKGC417L.wav,0.004163985462587,COPD
107_2b4_Ar_mc_AKGC417L.wav,0.003558448738399,COPD
107_2b4_Ll_mc_AKGC417L.wav,0.0089182134570765,COPD
107_2b4_Lr_mc_AKGC417L.wav,0.0067736278277262,COPD
107_2b4_Pl_mc_AKGC417L.wav,0.0051700034440255,COPD
107_2b4_Pr_mc_AKGC417L.wav,0.006185084650522,COPD
107_2b4_Tc_mc_AKGC417L.wav,0.0050697415168213,COPD
107_2b5_Al_mc_AKGC417L.wav,0.0041889093314965,COPD
107_2b5_Ar_mc_AKGC417L.wav,0.0075275748622389,COPD
107_2b5_Ll_mc_AKGC417L.wav,0.0087867966937354,COPD
107_2b5_Lr_mc_AKGC417L.wav,0.005398283425174,COPD
107_2b5_Pl_mc_AKGC417L.wav,0.0086072315472737,COPD
107_2b5_Pr_mc_AKGC417L.wav,0.0071270936049883,COPD
107_2b5_Tc_mc_AKGC417L.wav,0.004489695113109,COPD
107_3p2_Al_mc_AKGC417L.wav,0.0130017627972737,COPD
107_3p2_Ar_mc_AKGC417L.wav,0.004706646062935,COPD
107_3p2_Ll_mc_AKGC417L.wav,0.0090858831206496,COPD
107_3p2_Lr_mc_AKGC417L.wav,0.0150653458526682,COPD
107_3p2_Pl_mc_AKGC417L.wav,0.0050782382903132,COPD
107_3p2_Pr_mc_AKGC417L.wav,0.0064694433367169,COPD
107_3p2_Tc_mc_AKGC417L.wav,0.0053795905234918,COPD
109_1b1_Al_sc_Litt3200.wav,0.005023276969178,COPD
109_1b1_Ar_sc_Litt3200.wav,0.0049810365188953,COPD
109_1b1_Ll_sc_Litt3200.wav,0.0051898276969178,COPD
109_1b1_Lr_sc_Litt3200.wav,0.0038997568982712,COPD
109_1b1_Pl_sc_Litt3200.wav,0.0033852455650459,COPD
109_1b1_Pr_sc_Litt3200.wav,0.0047308859810371,COPD
110_1b1_Pr_sc_Meditron.wav,0.0013024006051007,COPD
110_1p1_Al_sc_Meditron.wav,0.0012221062320402,COPD
110_1p1_Ll_sc_Meditron.wav,0.0019156994314111,COPD
110_1p1_Lr_sc_Meditron.wav,0.001208111344914,COPD
110_1p1_Pr_sc_Meditron.wav,0.00132021246336,COPD
112_1b1_Ar_sc_Meditron.wav,0.0017996079049777,COPD
112_1b1_Lr_sc_Meditron.wav,0.0013097267783149,COPD
112_1p1_Ll_sc_Litt3200.wav,0.0019770565711462,COPD
112_1p1_Pl_sc_Litt3200.wav,0.0021114762722523,COPD
112_1p1_Pr_sc_Litt3200.wav,0.0021024060323142,COPD
113_1b1_Al_sc_Litt3200.wav,0.0041465030354299,COPD
113_1b1_Ar_sc_Litt3200.wav,0.0029073619561209,COPD
113_1b1_Ll_sc_Litt3200.wav,0.0041650716870824,COPD
113_1b1_Lr_sc_Litt3200.wav,0.003787289759156,COPD
113_1b1_Pl_sc_Litt3200.wav,0.0038756602763002,COPD
113_1b1_Pr_sc_Litt3200.wav,0.0031957878637566,COPD
114_1b4_Al_mc_AKGC417L.wav,0.0104827526827146,COPD
114_1b4_Ar_mc_AKGC417L.wav,0.0149752800536542,COPD
114_1b4_Lr_mc_AKGC417L.wav,0.007821563225058,COPD
114_1b4_Pl_mc_AKGC417L.wav,0.0097237075841067,COPD
114_1b4_Pr_mc_AKGC417L.wav,0.0068178110498839,COPD
117_1b2_Tc_mc_LittC2SE.wav,0.0076793838819605,COPD
117_1b3_Tc_mc_LittC2SE.wav,0.0073933258410672,COPD
118_1b1_Al_sc_Litt3200.wav,0.008033580865817,COPD
118_1b1_Ar_sc_Litt3200.wav,0.0068081591735145,COPD
118_1b1_Ll_sc_Litt3200.wav,0.0054777922453703,COPD
118_1b1_Lr_sc_Litt3200.wav,0.0057357523482658,COPD
118_1b1_Pl_sc_Litt3200.wav,0.0066722678072625,COPD
118_1b1_Pr_sc_Litt3200.wav,0.0123597896298882,COPD
120_1b1_Al_sc_Meditron.wav,0.001289741847826,COPD
120_1b1_Ar_sc_Meditron.wav,0.0010922214673913,COPD
120_1b1_Lr_sc_Meditron.wav,0.0011567255251817,COPD
120_1b1_Pl_sc_Meditron.wav,0.0010223125861178,COPD
120_1b1_Pr_sc_Meditron.wav,0.0019035063404236,COPD
121_1b1_Tc_sc_Meditron.wav,0.0107450197578306,Healthy
121_1p1_Tc_sc_Meditron.wav,0.0073134561702436,Healthy
122_2b1_Al_mc_LittC2SE.wav,0.0022454140081206,Pneumonia
122_2b1_Ar_mc_LittC2SE.wav,0.0020109030597447,Pneumonia
122_2b1_Tc_mc_LittC2SE.wav,0.0042483867459396,Pneumonia
122_2b2_Al_mc_LittC2SE.wav,0.0018120785600348,Pneumonia
122_2b2_Ar_mc_LittC2SE.wav,0.0019078088747099,Pneumonia
122_2b2_Tc_mc_LittC2SE.wav,0.002848684926044,Pneumonia
122_2b3_Al_mc_LittC2SE.wav,0.0017990501740139,Pneumonia
122_2b3_Ar_mc_LittC2SE.wav,0.0019474604843387,Pneumonia
122_2b3_Tc_mc_LittC2SE.wav,0.0036411506670533,Pneumonia
123_1b1_Al_sc_Meditron.wav,0.0018749546838747,Healthy
124_1b1_Al_sc_Litt3200.wav,0.0050383391203703,COPD
124_1b1_Ar_sc_Litt3200.wav,0.0059187741623711,COPD
124_1b1_Ll_sc_Litt3200.wav,0.0050227657245222,COPD
124_1b1_Lr_sc_Litt3200.wav,0.0041005124327956,COPD
124_1b1_Pl_sc_Litt3200.wav,0.0056702103510895,COPD
124_1b1_Pr_sc_Litt3200.wav,0.0050671782817109,COPD
125_1b1_Tc_sc_Meditron.wav,0.0103564339834686,Healthy
126_1b1_Al_sc_Meditron.wav,0.002812432025812,Healthy
127_1b1_Ar_sc_Meditron.wav,0.0033930159335075,Healthy
128_1b3_Tc_mc_LittC2SE.wav,0.006876722012761,COPD
130_1p2_Al_mc_AKGC417L.wav,0.0053807234266241,COPD
130_1p2_Ar_mc_AKGC417L.wav,0.0048754486296403,COPD
130_1p2_Ll_mc_AKGC417L.wav,0.0065702717154872,COPD
130_1p2_Lr_mc_AKGC417L.wav,0.0061601607816125,COPD
130_1p2_Pl_mc_AKGC417L.wav,0.0032967481148491,COPD
130_1p2_Pr_mc_AKGC417L.wav,0.0025643262398491,COPD
130_1p2_Tc_mc_AKGC417L.wav,0.018862270700406,COPD
130_1p3_Al_mc_AKGC417L.wav,0.0046913518706496,COPD
130_1p3_Ar_mc_AKGC417L.wav,0.0042982344837587,COPD
130_1p3_Ll_mc_AKGC417L.wav,0.0062468278712296,COPD
130_1p3_Lr_mc_AKGC417L.wav,0.0101944288355568,COPD
130_1p3_Pl_mc_AKGC417L.wav,0.0055347982526102,COPD
130_1p3_Pr_mc_AKGC417L.wav,0.0034049403639791,COPD
130_1p3_Tc_mc_AKGC417L.wav,0.0217449427204176,COPD
130_1p4_Al_mc_AKGC417L.wav,0.0052980214979698,COPD
130_1p4_Ar_mc_AKGC417L.wav,0.0047270383193155,COPD
130_1p4_Ll_mc_AKGC417L.wav,0.006153363362819,COPD
130_1p4_Lr_mc_AKGC417L.wav,0.0062825143198955,COPD
130_1p4_Pl_mc_AKGC417L.wav,0.0039770564457656,COPD
130_1p4_Pr_mc_AKGC417L.wav,0.003793526138341,COPD
130_1p4_Tc_mc_AKGC417L.wav,0.066804465450986,COPD
130_2b2_Al_mc_AKGC417L.wav,0.004638671875,COPD
130_2b2_Ar_mc_AKGC417L.wav,0.0052651673071345,COPD
130_2b2_Ll_mc_AKGC417L.wav,0.0077683167778422,COPD
130_2b2_Lr_mc_AKGC417L.wav,0.005701335013051,COPD
130_2b2_Pl_mc_AKGC417L.wav,0.0044585402769721,COPD
130_2b2_Pr_mc_AKGC417L.wav,0.0038105196853248,COPD
130_2b2_Tc_mc_AKGC417L.wav,0.0044902615646751,COPD
130_2b3_Al_mc_AKGC417L.wav,0.0046058176841647,COPD
130_2b3_Ar_mc_AKGC417L.wav,0.0050283905524941,COPD
130_2b3_Ll_mc_AKGC417L.wav,0.0074250471287703,COPD
130_2b3_Lr_mc_AKGC417L.wav,0.0052787621447215,COPD
130_2b3_Pl_mc_AKGC417L.wav,0.0045276473680394,COPD
130_2b3_Pr_mc_AKGC417L.wav,0.0039022848390371,COPD
130_2b3_Tc_mc_AKGC417L.wav,0.0059449091864849,COPD
130_2b4_Al_mc_AKGC417L.wav,0.0045497389791183,COPD
130_2b4_Ar_mc_AKGC417L.wav,0.004670393162703,COPD
130_2b4_Ll_mc_AKGC417L.wav,0.0069299684599767,COPD
130_2b4_Lr_mc_AKGC417L.wav,0.0049774099115429,COPD
130_2b4_Pl_mc_AKGC417L.wav,0.0045344447868329,COPD
130_2p3_Pl_mc_AKGC417L.wav,0.0035261609991299,COPD
130_2p5_Al_mc_AKGC417L.wav,0.0041254667560904,COPD
130_2p5_Ar_mc_AKGC417L.wav,0.0113907745432134,COPD
130_2p5_Lr_mc_AKGC417L.wav,0.0169827844040023,COPD
130_2p5_Pl_mc_AKGC417L.wav,0.004959849912993,COPD
130_2p5_Pr_mc_AKGC417L.wav,0.0166389483033642,COPD
130_2p5_Tc_mc_AKGC417L.wav,0.0180029636745939,COPD
130_3b3_Ll_mc_AKGC417L.wav,0.004051261600928,COPD
130_3b4_Al_mc_AKGC417L.wav,0.0053405053654292,COPD
130_3b4_Ar_mc_AKGC417L.wav,0.0197878525594547,COPD
130_3b4_Lr_mc_AKGC417L.wav,0.017705010150812,COPD
130_3b4_Pl_mc_AKGC417L.wav,0.0035210629350348,COPD
130_3b4_Pr_mc_AKGC417L.wav,0.0042444215849767,COPD
130_3p2_Al_mc_AKGC417L.wav,0.0165324554089327,COPD
130_3p2_Ar_mc_AKGC417L.wav,0.0084894096215197,COPD
130_3p2_Pl_mc_AKGC417L.wav,0.0026470281685034,COPD
130_3p2_Pr_mc_AKGC417L.wav,0.0073791645519141,COPD
130_3p2_Tc_mc_AKGC417L.wav,0.0129343550609048,COPD
130_3p3_Al_mc_AKGC417L.wav,0.0154765896896751,COPD
130_3p3_Pl_mc_AKGC417L.wav,0.0030276836209396,COPD
130_3p3_Pr_mc_AKGC417L.wav,0.0066269168720997,COPD
130_3p3_Tc_mc_AKGC417L.wav,0.0124664660672853,COPD
130_3p4_Al_mc_AKGC417L.wav,0.0179729417415893,COPD
130_3p4_Pl_mc_AKGC417L.wav,0.0026770501015081,COPD
130_3p4_Pr_mc_AKGC417L.wav,0.0069186394286542,COPD
130_3p4_Tc_mc_AKGC417L.wav,0.0155275703306264,COPD
132_2b1_Lr_mc_LittC2SE.wav,0.0013396579538863,COPD
132_2b2_Lr_mc_LittC2SE.wav,0.0014036669808584,COPD
133_2p2_Al_mc_AKGC417L.wav,0.0046896525159512,COPD
133_2p2_Ar_mc_AKGC417L.wav,0.0040065119272041,COPD
133_2p2_Pl_mc_AKGC417L.wav,0.0060655633700696,COPD
133_2p2_Tc_mc_AKGC417L.wav,0.0066784639646171,COPD
133_2p3_Al_mc_AKGC417L.wav,0.0047678228320765,COPD
133_2p3_Ar_mc_AKGC417L.wav,0.0034757468097447,COPD
133_2p3_Pl_mc_AKGC417L.wav,0.0062864794808584,COPD
133_2p3_Pr_mc_AKGC417L.wav,0.0102918585049303,COPD
133_2p3_Tc_mc_AKGC417L.wav,0.0053144485933874,COPD
133_2p4_Al_mc_AKGC417L.wav,0.0045072551116589,COPD
133_2p4_Ar_mc_AKGC417L.wav,0.003838842263631,COPD
133_2p4_Pl_mc_AKGC417L.wav,0.0052561040820765,COPD
133_2p4_Pr_mc_AKGC417L.wav,0.0100601798143851,COPD
133_2p4_Tc_mc_AKGC417L.wav,0.006271185288573,COPD
133_3p2_Al_mc_AKGC417L.wav,0.0051371492531902,COPD
133_3p2_Ar_mc_AKGC417L.wav,0.0050788047418793,COPD
133_3p2_Pl_mc_AKGC417L.wav,0.0056395917923433,COPD
133_3p2_Pr_mc_AKGC417L.wav,0.0095628353393271,COPD
133_3p4_Tc_mc_AKGC417L.wav,0.0059670007975638,COPD
134_2b1_Al_mc_LittC2SE.wav,0.0015481121302204,COPD
134_2b1_Ar_mc_LittC2SE.wav,0.0015662385803364,COPD
134_2b2_Al_mc_LittC2SE.wav,0.0014433185904872,COPD
134_2b2_Ar_mc_LittC2SE.wav,0.0013980024651972,COPD
134_2b3_Ar_mc_LittC2SE.wav,0.001411030851218,COPD
135_2b1_Al_mc_LittC2SE.wav,0.0020273301551624,Pneumonia
135_2b1_Ar_mc_LittC2SE.wav,0.0015475456786542,Pneumonia
135_2b1_Pl_mc_LittC2SE.wav,0.0046290421983758,Pneumonia
135_2b1_Tc_mc_LittC2SE.wav,0.0040404990211716,Pneumonia
135_2b2_Al_mc_LittC2SE.wav,0.0020035391893851,Pneumonia
135_2b2_Ar_mc_LittC2SE.wav,0.0016868927639211,Pneumonia
135_2b2_Pl_mc_LittC2SE.wav,0.0048533570185614,Pneumonia
135_2b2_Tc_mc_LittC2SE.wav,0.0034933068082946,Pneumonia
135_2b3_Al_mc_LittC2SE.wav,0.0017350411470417,Pneumonia
135_2b3_Ar_mc_LittC2SE.wav,0.0014869353610788,Pneumonia
135_2b3_Pl_mc_LittC2SE.wav,0.0046675609048723,Pneumonia
135_2b3_Pr_mc_LittC2SE.wav,0.0011051470055104,Pneumonia
135_2b3_Tc_mc_LittC2SE.wav,0.0037295171113689,Pneumonia
136_1b1_Ar_sc_Meditron.wav,0.0017299430829466,Healthy
138_1p2_Al_mc_AKGC417L.wav,0.0094013966429814,COPD
138_1p2_Ar_mc_AKGC417L.wav,0.0263603900812064,COPD
138_1p2_Ll_mc_AKGC417L.wav,0.0064411207584106,COPD
138_1p2_Lr_mc_AKGC417L.wav,0.0143476517183874,COPD
138_1p2_Pl_mc_AKGC417L.wav,0.0056175001812645,COPD
138_1p2_Pr_mc_AKGC417L.wav,0.0070914071563225,COPD
138_1p2_Tc_mc_AKGC417L.wav,0.009399697288283,COPD
138_1p3_Al_mc_AKGC417L.wav,0.0111472003697795,COPD
138_1p3_Ar_mc_AKGC417L.wav,0.0044279518924013,COPD
138_1p3_Ll_mc_AKGC417L.wav,0.0073185542343387,COPD
138_1p3_Lr_mc_AKGC417L.wav,0.015968836100638,COPD
138_1p3_Pl_mc_AKGC417L.wav,0.0056492214689675,COPD
138_1p3_Pr_mc_AKGC417L.wav,0.0071922355350928,COPD
138_1p3_Tc_mc_AKGC417L.wav,0.0078685787050464,COPD
138_1p4_Ar_mc_AKGC417L.wav,0.0057109646896751,COPD
138_1p4_Ll_mc_AKGC417L.wav,0.0071214290893271,COPD
138_1p4_Lr_mc_AKGC417L.wav,0.0174257495287122,COPD
138_1p4_Pl_mc_AKGC417L.wav,0.00566055050029,COPD
138_1p4_Pr_mc_AKGC417L.wav,0.0069798161977958,COPD
138_1p4_Tc_mc_AKGC417L.wav,0.007835158062645,COPD
138_2p2_Al_mc_AKGC417L.wav,0.0104742559092227,COPD
138_2p2_Ar_mc_AKGC417L.wav,0.0073961580988979,COPD
138_2p2_Ll_mc_AKGC417L.wav,0.0064575478538283,COPD
138_2p2_Lr_mc_AKGC417L.wav,0.0038280796838747,COPD
138_2p2_Pl_mc_AKGC417L.wav,0.0096727269431554,COPD
138_2p2_Pr_mc_AKGC417L.wav,0.0082022186774942,COPD
138_2p2_Tc_mc_AKGC417L.wav,0.0075898845345127,COPD
139_1b1_Al_sc_Litt3200.wav,0.0058097388445626,COPD
139_1b1_Ar_sc_Litt3200.wav,0.0050961847174657,COPD
139_1b1_Ll_sc_Litt3200.wav,0.0066913018513363,COPD
139_1b1_Lr_sc_Litt3200.wav,0.0058142789609872,COPD
139_1b1_Pl_sc_Litt3200.wav,0.0040073273288216,COPD
139_1b1_Pr_sc_Litt3200.wav,0.00560546875,COPD
140_2b2_Ll_mc_LittC2SE.wav,0.001117042488399,Pneumonia
140_2b2_Tc_mc_LittC2SE.wav,0.0031664642546403,Pneumonia
140_2b3_Ll_mc_LittC2SE.wav,0.0012071082874129,Pneumonia
140_2b3_Tc_mc_LittC2SE.wav,0.0017939521099187,Pneumonia
141_1b1_Pr_mc_LittC2SE.wav,0.0078034367749419,COPD
141_1b2_Ar_mc_LittC2SE.wav,0.003124546838747,COPD
141_1b2_Lr_mc_LittC2SE.wav,0.0056282627610208,COPD
141_1b2_Pr_mc_LittC2SE.wav,0.0091668856946055,COPD
141_1b2_Tc_mc_LittC2SE.wav,0.0049921376522621,COPD
141_1b3_Al_mc_LittC2SE.wav,0.0045248151102088,COPD
141_1b3_Ar_mc_LittC2SE.wav,0.0031732616734338,COPD
141_1b3_Pr_mc_LittC2SE.wav,0.0105779165458236,COPD
142_1b1_Pl_mc_LittC2SE.wav,0.0050181944243039,COPD
143_1b1_Al_sc_Meditron.wav,0.0030950913573085,Healthy
144_1b1_Al_sc_Meditron.wav,0.0026846962108013,Healthy
144_1b1_Tc_sc_Meditron.wav,0.0062881788355568,Healthy
145_2b2_Al_mc_AKGC417L.wav,0.0084939412340487,COPD
145_2b2_Ar_mc_AKGC417L.wav,0.0041441596577726,COPD
145_2b2_Lr_mc_AKGC417L.wav,0.0078068354843387,COPD
145_2b2_Pr_mc_AKGC417L.wav,0.0104295062354988,COPD
145_3b2_Ar_mc_AKGC417L.wav,0.0040008474115429,COPD
145_3b2_Lr_mc_AKGC417L.wav,0.0033392319823085,COPD
145_3b4_Pl_mc_AKGC417L.wav,0.0054645582584106,COPD
146_2b2_Pl_mc_AKGC417L.wav,0.0047242060614849,COPD
146_2b4_Al_mc_AKGC417L.wav,0.0045072551116589,COPD
146_2b4_Ar_mc_AKGC417L.wav,0.0063754123767401,COPD
146_2b4_Ll_mc_AKGC417L.wav,0.0104164778494779,COPD
146_2b4_Lr_mc_AKGC417L.wav,0.0076335013051044,COPD
146_2b4_Pr_mc_AKGC417L.wav,0.0107410545968677,COPD
146_8p3_Al_mc_AKGC417L.wav,0.0064326239849187,COPD
146_8p3_Ar_mc_AKGC417L.wav,0.0100409204611368,COPD
146_8p3_Lr_mc_AKGC417L.wav,0.04046446762616,COPD
146_8p3_Pl_mc_AKGC417L.wav,0.0201866344620069,COPD
146_8p3_Pr_mc_AKGC417L.wav,0.0163262670388631,COPD
147_1b2_Tc_mc_AKGC417L.wav,0.0141380646389211,COPD
147_1b3_Tc_mc_AKGC417L.wav,0.0126692557279582,COPD
147_1b4_Tc_mc_AKGC417L.wav,0.0131586698810904,COPD
147_2b2_Al_mc_AKGC417L.wav,0.0065504459106728,COPD
147_2b2_Ar_mc_AKGC417L.wav,0.0048357970200116,COPD
147_2b2_Pl_mc_AKGC417L.wav,0.0055381969620069,COPD
147_2b3_Al_mc_AKGC417L.wav,0.0060644304669373,COPD
147_2b3_Ar_mc_AKGC417L.wav,0.0040977106293503,COPD
147_2b3_Ll_mc_AKGC417L.wav,0.0100907681989559,COPD
147_2b3_Lr_mc_AKGC417L.wav,0.0065221233323665,COPD
147_2b3_Pl_mc_AKGC417L.wav,0.0060598988544083,COPD
147_2b4_Al_mc_AKGC417L.wav,0.0054696563225058,COPD
147_2b4_Ar_mc_AKGC417L.wav,0.0032536977958236,COPD
147_2b4_Ll_mc_AKGC417L.wav,0.0089493682932134,COPD
147_2b4_Lr_mc_AKGC417L.wav,0.0062904446418213,COPD
147_2b4_Pl_mc_AKGC417L.wav,0.0049117015298723,COPD
151_2p2_Al_mc_AKGC417L.wav,0.0046352731656032,COPD
151_2p2_Ar_mc_AKGC417L.wav,0.0049717453958816,COPD
151_2p2_Ll_mc_AKGC417L.wav,0.0084973399434454,COPD
151_2p2_Lr_mc_AKGC417L.wav,0.0082084496447215,COPD
151_2p2_Pl_mc_AKGC417L.wav,0.0061720562645011,COPD
151_2p2_Pr_mc_AKGC417L.wav,0.0086955979915893,COPD
151_2p2_Tc_mc_AKGC417L.wav,0.0117221487093967,COPD
151_2p3_Al_mc_AKGC417L.wav,0.0054096124564965,COPD
151_2p3_Ar_mc_AKGC417L.wav,0.0049768434599767,COPD
151_2p3_Ll_mc_AKGC417L.wav,0.00863555412558,COPD
151_2p3_Lr_mc_AKGC417L.wav,0.0092065373042343,COPD
151_2p3_Pl_mc_AKGC417L.wav,0.0065255220417633,COPD
151_2p3_Pr_mc_AKGC417L.wav,0.009937826276102,COPD
151_2p3_Tc_mc_AKGC417L.wav,0.010032423687645,COPD
151_2p4_Al_mc_AKGC417L.wav,0.0059063904799883,COPD
151_2p4_Ar_mc_AKGC417L.wav,0.0053552331061484,COPD
151_2p4_Ll_mc_AKGC417L.wav,0.0113941732526102,COPD
151_2p4_Lr_mc_AKGC417L.wav,0.0126913473390371,COPD
151_2p4_Pl_mc_AKGC417L.wav,0.0063323620577146,COPD
151_2p4_Pr_mc_AKGC417L.wav,0.0089034857163573,COPD
151_2p4_Tc_mc_AKGC417L.wav,0.0111239758555684,COPD
151_3p2_Al_mc_AKGC417L.wav,0.0059403775739559,COPD
151_3p2_Ar_mc_AKGC417L.wav,0.0066257839689675,COPD
151_3p2_Lr_mc_AKGC417L.wav,0.0091442276319605,COPD
151_3p2_Pl_mc_AKGC417L.wav,0.0064734084976798,COPD
151_3p2_Pr_mc_AKGC417L.wav,0.0080209541763341,COPD
151_3p2_Tc_mc_AKGC417L.wav,0.1272590088457076,COPD
151_3p3_Ll_mc_AKGC417L.wav,0.0098704185397331,COPD
152_1b1_Al_sc_Meditron.wav,0.0024119507685614,Healthy
153_1b1_Al_sc_Meditron.wav,0.0022437146534222,Healthy
154_1b3_Al_mc_AKGC417L.wav,0.0043684744779582,COPD
154_1b3_Ar_mc_AKGC417L.wav,0.0199691170606148,COPD
154_1b3_Ll_mc_AKGC417L.wav,0.0040665557932134,COPD
154_1b3_Lr_mc_AKGC417L.wav,0.0050255582946635,COPD
154_1b3_Pl_mc_AKGC417L.wav,0.0090133773201856,COPD
154_1b3_Pr_mc_AKGC417L.wav,0.0093056663283062,COPD
154_1b3_Tc_mc_AKGC417L.wav,0.0134889111441415,COPD
154_2b4_Al_mc_AKGC417L.wav,0.0060751930466937,COPD
154_2b4_Ar_mc_AKGC417L.wav,0.035658126087587,COPD
154_2b4_Ll_mc_AKGC417L.wav,0.0055410292198375,COPD
154_2b4_Lr_mc_AKGC417L.wav,0.0147090478175754,COPD
154_2b4_Pl_mc_AKGC417L.wav,0.0102578714109628,COPD
154_2b4_Pr_mc_AKGC417L.wav,0.0226886510295823,COPD
154_2b4_Tc_mc_AKGC417L.wav,0.0356292370577146,COPD
154_3b3_Al_mc_AKGC417L.wav,0.0041447261093387,COPD
154_3b3_Ar_mc_AKGC417L.wav,0.0085653141313805,COPD
154_3b3_Ll_mc_AKGC417L.wav,0.0058712704828886,COPD
154_4b4_Al_mc_AKGC417L.wav,0.0032933494054524,COPD
154_4b4_Ar_mc_AKGC417L.wav,0.0384286406975058,COPD
154_4b4_Ll_mc_AKGC417L.wav,0.011976485462587,COPD
154_4b4_Lr_mc_AKGC417L.wav,0.0044211544736078,COPD
154_4b4_Pl_mc_AKGC417L.wav,0.0087426134715777,COPD
154_4b4_Pr_mc_AKGC417L.wav,0.0077609529074825,COPD
155_2b1_Al_mc_LittC2SE.wav,0.0015730359991299,COPD
156_2b3_Al_mc_AKGC417L.wav,0.0047763196055684,COPD
156_2b3_Ar_mc_AKGC417L.wav,0.0202364821998259,COPD
156_2b3_Ll_mc_AKGC417L.wav,0.0081376431989559,COPD
156_2b3_Lr_mc_AKGC417L.wav,0.0036655080843967,COPD
156_2b3_Pl_mc_AKGC417L.wav,0.0065555439747679,COPD
156_2b3_Pr_mc_AKGC417L.wav,0.0068370704031322,COPD
156_5b3_Al_mc_AKGC417L.wav,0.0069124084614269,COPD
156_5b3_Ar_mc_AKGC417L.wav,0.0058021633918213,COPD
156_5b3_Ll_mc_AKGC417L.wav,0.0271392609846287,COPD
156_5b3_Lr_mc_AKGC417L.wav,0.0054940137398491,COPD
156_5b3_Pl_mc_AKGC417L.wav,0.0066138884860788,COPD
156_5b3_Pr_mc_AKGC417L.wav,0.0050012008773201,COPD
156_8b3_Al_mc_AKGC417L.wav,0.0033692539153132,COPD
156_8b3_Ar_mc_AKGC417L.wav,0.0735367423143851,COPD
156_8b3_Ll_mc_AKGC417L.wav,0.0040552267618909,COPD
156_8b3_Lr_mc_AKGC417L.wav,0.0429438261310904,COPD
156_8b3_Pl_mc_AKGC417L.wav,0.0081495386818445,COPD
157_1b1_Al_sc_Meditron.wav,0.0009377021435581,COPD
157_1b1_Ar_sc_Meditron.wav,0.0018466511085831,COPD
157_1b1_Lr_sc_Meditron.wav,0.0034518961133903,COPD
157_1b1_Pl_sc_Meditron.wav,0.0017838972820088,COPD
157_1b1_Pr_sc_Meditron.wav,0.0020481584000183,COPD
158_1b3_Ar_mc_LittC2SE.wav,0.0021468514356148,COPD
158_1p2_Al_mc_AKGC417L.wav,0.0049785428146751,COPD
158_1p2_Ar_mc_AKGC417L.wav,0.004697582837877,COPD
158_1p2_Ll_mc_AKGC417L.wav,0.0066116226798143,COPD
158_1p2_Lr_mc_AKGC417L.wav,0.0052753634353248,COPD
158_1p2_Pl_mc_AKGC417L.wav,0.0035035029364849,COPD
158_1p2_Pr_mc_AKGC417L.wav,0.0032769223100348,COPD
158_1p2_Tc_mc_AKGC417L.wav,0.0051558421548723,COPD
158_1p3_Al_mc_AKGC417L.wav,0.005059545388631,COPD
158_1p3_Ar_mc_AKGC417L.wav,0.0048618537920533,COPD
158_1p3_Ll_mc_AKGC417L.wav,0.0068399026609628,COPD
158_1p3_Lr_mc_AKGC417L.wav,0.0060162820838167,COPD
158_1p3_Pl_mc_AKGC417L.wav,0.0041753144939095,COPD
158_1p3_Pr_mc_AKGC417L.wav,0.0032684255365429,COPD
158_1p3_Tc_mc_AKGC417L.wav,0.0077501903277262,COPD
158_1p4_Al_mc_AKGC417L.wav,0.0049173660455336,COPD
158_1p4_Ar_mc_AKGC417L.wav,0.0044664705988979,COPD
158_1p4_Lr_mc_AKGC417L.wav,0.0060463040168213,COPD
158_1p4_Pl_mc_AKGC417L.wav,0.0033380990791763,COPD
158_1p4_Pr_mc_AKGC417L.wav,0.0030327816850348,COPD
158_1p4_Tc_mc_AKGC417L.wav,0.0064892691415313,COPD
158_2p2_Ar_mc_AKGC417L.wav,0.0419598997607308,COPD
158_2p3_Lr_mc_AKGC417L.wav,0.0118847203088747,COPD
158_2p3_Tc_mc_AKGC417L.wav,0.0090360353828306,COPD
159_1b1_Al_sc_Meditron.wav,0.0023728656104988,Healthy
159_1b1_Ar_sc_Meditron.wav,0.0059194188660092,Healthy
159_1b1_Ll_sc_Meditron.wav,0.0021564811122389,Healthy
159_1b1_Pr_sc_Meditron.wav,0.002807900413283,Healthy
160_1b2_Al_mc_AKGC417L.wav,0.0033171403712296,COPD
160_1b2_Ar_mc_AKGC417L.wav,0.0029296875,COPD
160_1b2_Lr_mc_AKGC417L.wav,0.0031551352233178,COPD
160_1b2_Pl_mc_AKGC417L.wav,0.0065980278422273,COPD
160_1b2_Pr_mc_AKGC417L.wav,0.0080594728828306,COPD
160_1b2_Tc_mc_AKGC417L.wav,0.0039855532192575,COPD
160_1b3_Al_mc_AKGC417L.wav,0.0036133945403132,COPD
160_1b3_Ar_mc_AKGC417L.wav,0.0030599713602088,COPD
160_1b3_Lr_mc_AKGC417L.wav,0.0031823248984918,COPD
160_1b3_Pl_mc_AKGC417L.wav,0.0047434654147331,COPD
160_1b3_Pr_mc_AKGC417L.wav,0.0060128833744199,COPD
160_1b3_Tc_mc_AKGC417L.wav,0.004055793213457,COPD
160_1b4_Al_mc_AKGC417L.wav,0.003608296476218,COPD
160_1b4_Ar_mc_AKGC417L.wav,0.003120015226218,COPD
160_1b4_Lr_mc_AKGC417L.wav,0.0030945249057424,COPD
160_1b4_Pl_mc_AKGC417L.wav,0.0047598925101508,COPD
160_1b4_Pr_mc_AKGC417L.wav,0.0065974613906612,COPD
160_1b4_Tc_mc_AKGC417L.wav,0.0036791029219837,COPD
160_2b3_Lr_mc_AKGC417L.wav,0.0033313016603828,COPD
160_2b4_Ar_mc_AKGC417L.wav,0.002509380437935,COPD
160_2b4_Pl_mc_AKGC417L.wav,0.0060474369199535,COPD
160_2b4_Pr_mc_AKGC417L.wav,0.0082775567357888,COPD
160_2b4_Tc_mc_AKGC417L.wav,0.0052113544083526,COPD
162_1b2_Al_mc_AKGC417L.wav,0.0059715324100928,COPD
162_1b2_Ar_mc_AKGC417L.wav,0.0056679143706496,COPD
162_1b2_Ll_mc_AKGC417L.wav,0.0114825396969257,COPD
162_1b2_Lr_mc_AKGC417L.wav,0.0036048977668213,COPD
162_1b2_Pl_mc_AKGC417L.wav,0.0054311376160092,COPD
162_1b2_Pr_mc_AKGC417L.wav,0.0064921013993619,COPD
162_1b2_Tc_mc_AKGC417L.wav,0.022800241988109,COPD
162_2b2_Al_mc_AKGC417L.wav,0.0058627737093967,COPD
162_2b2_Ar_mc_AKGC417L.wav,0.005805562101218,COPD
162_2b2_Pl_mc_AKGC417L.wav,0.0063148020591647,COPD
162_2b2_Pr_mc_AKGC417L.wav,0.0076929787195475,COPD
162_2b2_Tc_mc_AKGC417L.wav,0.0154244761455916,COPD
162_2b3_Al_mc_AKGC417L.wav,0.0071882703741299,COPD
162_2b3_Ar_mc_AKGC417L.wav,0.0065209904292343,COPD
162_2b3_Lr_mc_AKGC417L.wav,0.0045905234918793,COPD
162_2b3_Pl_mc_AKGC417L.wav,0.0063782446345707,COPD
162_2b3_Pr_mc_AKGC417L.wav,0.0084894096215197,COPD
162_2b3_Tc_mc_AKGC417L.wav,0.0399631579901392,COPD
162_2b4_Al_mc_AKGC417L.wav,0.0073848290675754,COPD
162_2b4_Ar_mc_AKGC417L.wav,0.0055002447070765,COPD
162_2b4_Lr_mc_AKGC417L.wav,0.004159453850058,COPD
162_2b4_Pl_mc_AKGC417L.wav,0.0061052149796983,COPD
162_2b4_Pr_mc_AKGC417L.wav,0.0085239631670533,COPD
162_2b4_Tc_mc_AKGC417L.wav,0.0523542859991299,COPD
163_2b2_Al_mc_AKGC417L.wav,0.0032202771534222,COPD
163_2b2_Ar_mc_AKGC417L.wav,0.0059205517691415,COPD
163_2b2_Ll_mc_AKGC417L.wav,0.0094353837369489,COPD
163_2b2_Lr_mc_AKGC417L.wav,0.0082112819025522,COPD
163_2b2_Pl_mc_AKGC417L.wav,0.0046851209034222,COPD
163_2b2_Pr_mc_AKGC417L.wav,0.0071769413428074,COPD
163_2b2_Tc_mc_AKGC417L.wav,0.0154663935614849,COPD
163_8b3_Al_mc_AKGC417L.wav,0.0058944949970997,COPD
163_8b3_Ar_mc_AKGC417L.wav,0.0086168612238979,COPD
163_8b3_Ll_mc_AKGC417L.wav,0.0053778911687935,COPD
163_8b3_Lr_mc_AKGC417L.wav,0.0854180639138631,COPD
163_8b3_Pl_mc_AKGC417L.wav,0.017641567575406,COPD
163_8b3_Pr_mc_AKGC417L.wav,0.0074907555104408,COPD
166_1p1_Al_sc_Meditron.wav,0.001253492681444,COPD
166_1p1_Ar_sc_Meditron.wav,0.001219150416199,COPD
166_1p1_Ll_sc_Meditron.wav,0.0010687280371485,COPD
166_1p1_Pl_sc_Meditron.wav,0.00111441307578,COPD
166_1p1_Pr_sc_Meditron.wav,0.0009921613809435,COPD
170_1b2_Al_mc_AKGC417L.wav,0.0171974695475638,COPD
170_1b2_Ar_mc_AKGC417L.wav,0.0070772458671693,COPD
170_1b2_Lr_mc_AKGC417L.wav,0.0116711680684454,COPD
170_1b2_Pl_mc_AKGC417L.wav,0.0078980341864849,COPD
170_1b2_Pr_mc_AKGC417L.wav,0.0123509099477958,COPD
170_1b2_Tc_mc_AKGC417L.wav,0.0103468043068445,COPD
170_1b3_Al_mc_AKGC417L.wav,0.0169669237601508,COPD
170_1b3_Ar_mc_AKGC417L.wav,0.0076012135658352,COPD
170_1b3_Ll_mc_AKGC417L.wav,0.0120087732018561,COPD
170_1b3_Lr_mc_AKGC417L.wav,0.0103972184962296,COPD
170_1b3_Pl_mc_AKGC417L.wav,0.0096279772694315,COPD
170_1b3_Pr_mc_AKGC417L.wav,0.012510082837877,COPD
170_1b3_Tc_mc_AKGC417L.wav,0.0124947886455916,COPD
170_1b4_Al_mc_AKGC417L.wav,0.0191098100348027,COPD
170_1b4_Ar_mc_AKGC417L.wav,0.00765899162558,COPD
170_1b4_Lr_mc_AKGC417L.wav,0.0109013603900812,COPD
170_1b4_Pl_mc_AKGC417L.wav,0.0091210031177494,COPD
170_1b4_Pr_mc_AKGC417L.wav,0.0122245912485498,COPD
170_1b4_Tc_mc_AKGC417L.wav,0.0118161796693735,COPD
170_2b2_Al_mc_AKGC417L.wav,0.0100856701348607,COPD
170_2b2_Ar_mc_AKGC417L.wav,0.0116598390371229,COPD
170_2b2_Lr_mc_AKGC417L.wav,0.0147957149071925,COPD
170_2b2_Pl_mc_AKGC417L.wav,0.0073780316487819,COPD
170_2b2_Pr_mc_AKGC417L.wav,0.0101406159367749,COPD
170_2b2_Tc_mc_AKGC417L.wav,0.0103235797926334,COPD
171_1b1_Al_sc_Meditron.wav,0.0019061095200116,Healthy
172_1b3_Al_mc_AKGC417L.wav,0.0077558548433874,COPD
172_1b3_Ar_mc_AKGC417L.wav,0.0044313506017981,COPD
172_1b3_Ll_mc_AKGC417L.wav,0.010181966901102,COPD
172_1b3_Lr_mc_AKGC417L.wav,0.0029155262108468,COPD
172_1b3_Pl_mc_AKGC417L.wav,0.006867658787703,COPD
172_1b3_Pr_mc_AKGC417L.wav,0.0094189566415313,COPD
172_1b3_Tc_mc_AKGC417L.wav,0.0075230432497099,COPD
172_1b4_Al_mc_AKGC417L.wav,0.0124721305829466,COPD
172_1b4_Ar_mc_AKGC417L.wav,0.0072041310179814,COPD
172_1b4_Ll_mc_AKGC417L.wav,0.0100703759425754,COPD
172_1b4_Lr_mc_AKGC417L.wav,0.0039181454828886,COPD
172_1b4_Pl_mc_AKGC417L.wav,0.0078272277407192,COPD
172_1b4_Pr_mc_AKGC417L.wav,0.0099633165965777,COPD
172_1b4_Tc_mc_AKGC417L.wav,0.0136350556482018,COPD
172_1b5_Al_mc_AKGC417L.wav,0.0094761682497099,COPD
172_1b5_Ar_mc_AKGC417L.wav,0.0043950977015661,COPD
172_1b5_Ll_mc_AKGC417L.wav,0.0099383927276682,COPD
172_1b5_Lr_mc_AKGC417L.wav,0.0029874655597447,COPD
172_1b5_Pl_mc_AKGC417L.wav,0.0068506652407192,COPD
172_1b5_Pr_mc_AKGC417L.wav,0.0108730378117749,COPD
172_1b5_Tc_mc_AKGC417L.wav,0.0072636084324245,COPD
172_2b5_Al_mc_AKGC417L.wav,0.0045944886528422,COPD
172_2b5_Ar_mc_AKGC417L.wav,0.0048442937935034,COPD
172_2b5_Lr_mc_AKGC417L.wav,0.0017956514646171,COPD
172_2b5_Pl_mc_AKGC417L.wav,0.0056441234048723,COPD
172_2b5_Pr_mc_AKGC417L.wav,0.0070466574825986,COPD
172_2b5_Tc_mc_AKGC417L.wav,0.0050391531322505,COPD
174_1p2_Ar_mc_AKGC417L.wav,0.0044602396316705,COPD
174_1p2_Ll_mc_AKGC417L.wav,0.009829067575406,COPD
174_1p2_Lr_mc_AKGC417L.wav,0.0058457801624129,COPD
174_1p2_Pl_mc_AKGC417L.wav,0.0058627737093967,COPD
174_1p2_Pr_mc_AKGC417L.wav,0.0038428074245939,COPD
174_1p2_Tc_mc_AKGC417L.wav,0.0045797609121229,COPD
174_1p3_Ar_mc_AKGC417L.wav,0.0046511338094547,COPD
174_1p3_Ll_mc_AKGC417L.wav,0.0093096314892691,COPD
174_1p3_Lr_mc_AKGC417L.wav,0.0057744072650812,COPD
174_1p3_Pl_mc_AKGC417L.wav,0.0058661724187935,COPD
174_1p3_Pr_mc_AKGC417L.wav,0.0045282138196055,COPD
174_1p3_Tc_mc_AKGC417L.wav,0.0028005365429234,COPD
174_1p4_Ar_mc_AKGC417L.wav,0.0044755338239559,COPD
174_1p4_Ll_mc_AKGC417L.wav,0.009191809563515,COPD
174_1p4_Lr_mc_AKGC417L.wav,0.0059766304741879,COPD
174_1p4_Pl_mc_AKGC417L.wav,0.0061131453016241,COPD
174_1p4_Pr_mc_AKGC417L.wav,0.0045372770446635,COPD
174_1p4_Tc_mc_AKGC417L.wav,0.0053858214907192,COPD
174_2p3_Al_mc_AKGC417L.wav,0.004263680938225,COPD
174_2p3_Ar_mc_AKGC417L.wav,0.0142666491444315,COPD
174_2p3_Pl_mc_AKGC417L.wav,0.0050884344185034,COPD
174_2p3_Pr_mc_AKGC417L.wav,0.0037544409802784,COPD
174_2p3_Tc_mc_AKGC417L.wav,0.0034202345562645,COPD
175_1b1_Al_sc_Litt3200.wav,0.0087410151445264,COPD
175_1b1_Ar_sc_Litt3200.wav,0.004355745789007,COPD
175_1b1_Ll_sc_Litt3200.wav,0.0058369824840764,COPD
175_1b1_Lr_sc_Litt3200.wav,0.0044463783182123,COPD
175_1b1_Pl_sc_Litt3200.wav,0.0076593239761777,COPD
175_1b1_Pr_sc_Litt3200.wav,0.0054522485283933,COPD
176_1b3_Al_mc_AKGC417L.wav,0.006474541400812,COPD
176_1b3_Ar_mc_AKGC417L.wav,0.0043673415748259,COPD
176_1b3_Ll_mc_AKGC417L.wav,0.0108435823303364,COPD
176_1b3_Lr_mc_AKGC417L.wav,0.0024397068953016,COPD
176_1b3_Pl_mc_AKGC417L.wav,0.0062513594837587,COPD
176_1b3_Pr_mc_AKGC417L.wav,0.0061057814312645,COPD
176_1b3_Tc_mc_AKGC417L.wav,0.0070302303871809,COPD
176_1b4_Al_mc_AKGC417L.wav,0.0065787684889791,COPD
176_1b4_Ar_mc_AKGC417L.wav,0.0042217635223317,COPD
176_1b4_Ll_mc_AKGC417L.wav,0.0121809744779582,COPD
176_1b4_Lr_mc_AKGC417L.wav,0.0025224088239559,COPD
176_1b4_Pl_mc_AKGC417L.wav,0.0063419917343387,COPD
176_1b4_Pr_mc_AKGC417L.wav,0.0072449155307424,COPD
176_1b4_Tc_mc_AKGC417L.wav,0.0071367232816125,COPD
176_2b3_Al_mc_AKGC417L.wav,0.0055398963167053,COPD
176_2b3_Ar_mc_AKGC417L.wav,0.0046143144576566,COPD
176_2b3_Ll_mc_AKGC417L.wav,0.0105501604190835,COPD
176_2b3_Lr_mc_AKGC417L.wav,0.0075389038935614,COPD
176_2b3_Pl_mc_AKGC417L.wav,0.0074426071273201,COPD
176_2b3_Pr_mc_AKGC417L.wav,0.007568359375,COPD
176_2b3_Tc_mc_AKGC417L.wav,0.006022513051044,COPD
177_1b2_Al_mc_AKGC417L.wav,0.0031364423216357,COPD
177_1b2_Ar_mc_AKGC417L.wav,0.0046494344547563,COPD
177_1b2_Lr_mc_AKGC417L.wav,0.0038235480713457,COPD
177_1b2_Pl_mc_AKGC417L.wav,0.011049770700406,COPD
177_1b2_Pr_mc_AKGC417L.wav,0.0094059282555104,COPD
177_1b2_Tc_mc_AKGC417L.wav,0.0193919029147331,COPD
177_1b4_Al_mc_AKGC417L.wav,0.003431563587587,COPD
177_1b4_Ar_mc_AKGC417L.wav,0.0053790240719257,COPD
177_1b4_Lr_mc_AKGC417L.wav,0.002093604988399,COPD
177_1b4_Pl_mc_AKGC417L.wav,0.009327191487819,COPD
177_1b4_Pr_mc_AKGC417L.wav,0.007939385150812,COPD
177_1b4_Tc_mc_AKGC417L.wav,0.0158623432062064,COPD
177_2b4_Al_mc_AKGC417L.wav,0.006845000725058,COPD
177_2b4_Lr_mc_AKGC417L.wav,0.0088496728175754,COPD
177_2b4_Pl_mc_AKGC417L.wav,0.0071786406975058,COPD
177_2b4_Pr_mc_AKGC417L.wav,0.0086837025087006,COPD
177_2b4_Tc_mc_AKGC417L.wav,0.008169930938225,COPD
178_1b2_Al_mc_AKGC417L.wav,0.0096087179161832,COPD
178_1b2_Ar_mc_AKGC417L.wav,0.0103184817285382,COPD
178_1b2_Lr_mc_AKGC417L.wav,0.0064348897911832,COPD
178_1b2_Pl_mc_AKGC417L.wav,0.0084860109121229,COPD
178_1b2_Pr_mc_AKGC417L.wav,0.0134249021171693,COPD
178_1b2_Tc_mc_AKGC417L.wav,0.010525236550174,COPD
178_1b3_Al_mc_AKGC417L.wav,0.008866099912993,COPD
178_1b3_Ar_mc_AKGC417L.wav,0.0153644322795823,COPD
178_1b3_Lr_mc_AKGC417L.wav,0.0046137480060904,COPD
178_1b3_Pl_mc_AKGC417L.wav,0.0078091012906032,COPD
178_1b3_Pr_mc_AKGC417L.wav,0.0131864260078306,COPD
178_1b3_Tc_mc_AKGC417L.wav,0.0110214481220997,COPD
178_1b6_Al_mc_AKGC417L.wav,0.0088394766893851,COPD
178_1b6_Ar_mc_AKGC417L.wav,0.0183666255800464,COPD
178_1b6_Ll_mc_AKGC417L.wav,0.0144886981583526,COPD
178_1b6_Lr_mc_AKGC417L.wav,0.0053676950406032,COPD
178_1b6_Pl_mc_AKGC417L.wav,0.0096104172708816,COPD
178_1b6_Pr_mc_AKGC417L.wav,0.0095180856656032,COPD
178_1b6_Tc_mc_AKGC417L.wav,0.0103145165675754,COPD
178_2b2_Al_mc_AKGC417L.wav,0.014228130437935,COPD
178_2b2_Ar_mc_AKGC417L.wav,0.00848204575116,COPD
178_2b2_Lr_mc_AKGC417L.wav,0.0071225619924593,COPD
178_2b2_Pr_mc_AKGC417L.wav,0.0160079212587006,COPD
178_2b2_Tc_mc_AKGC417L.wav,0.0099905062717517,COPD
179_1b1_Al_sc_Meditron.wav,0.0052204176334106,Healthy
179_1b1_Tc_sc_Meditron.wav,0.0123424131743039,Healthy
180_1b4_Al_mc_AKGC417L.wav,0.0079875335339327,COPD
180_1b4_Ar_mc_AKGC417L.wav,0.0095928572723317,COPD
180_1b4_Lr_mc_AKGC417L.wav,0.0068234755655452,COPD
180_1b4_Pl_mc_AKGC417L.wav,0.0083976444678074,COPD
180_1b4_Pr_mc_AKGC417L.wav,0.0074816922853828,COPD
181_1b1_Ar_mc_LittC2SE.wav,0.0041872099767981,COPD
181_1b1_Tc_mc_LittC2SE.wav,0.0150931019794083,COPD
181_1b2_Ar_mc_LittC2SE.wav,0.0026453288138051,COPD
181_1b3_Tc_mc_LittC2SE.wav,0.013513835013051,COPD
182_1b1_Tc_sc_Meditron.wav,0.0021615791763341,Healthy
183_1b1_Pl_sc_Meditron.wav,0.0022992269069025,Healthy
183_1b1_Tc_sc_Meditron.wav,0.0068189439530162,Healthy
184_1b1_Ar_sc_Meditron.wav,0.0022187907845127,Healthy
185_1b1_Al_sc_Litt3200.wav,0.0037849378881987,COPD
185_1b1_Ar_sc_Litt3200.wav,0.0064003236832157,COPD
185_1b1_Ll_sc_Litt3200.wav,0.0040998081961077,COPD
185_1b1_Lr_sc_Litt3200.wav,0.0040107167922576,COPD
185_1b1_Pl_sc_Litt3200.wav,0.0043267648311648,COPD
185_1b1_Pr_sc_Litt3200.wav,0.0035662303939176,COPD
186_2b2_Al_mc_AKGC417L.wav,0.0061731891676334,COPD
186_2b2_Ar_mc_AKGC417L.wav,0.003693830662703,COPD
186_2b2_Lr_mc_AKGC417L.wav,0.004069388051044,COPD
186_2b2_Pl_mc_AKGC417L.wav,0.0085732444533062,COPD
186_2b2_Pr_mc_AKGC417L.wav,0.0111891177856728,COPD
186_2b2_Tc_mc_AKGC417L.wav,0.0063850420533642,COPD
186_2b3_Al_mc_AKGC417L.wav,0.0070370278059744,COPD
186_2b3_Ar_mc_AKGC417L.wav,0.0035573158352668,COPD
186_2b3_Lr_mc_AKGC417L.wav,0.003693830662703,COPD
186_2b3_Pl_mc_AKGC417L.wav,0.0087188225058004,COPD
186_2b3_Pr_mc_AKGC417L.wav,0.0122699073738399,COPD
186_2b3_Tc_mc_AKGC417L.wav,0.0056599840487238,COPD
186_2b4_Al_mc_AKGC417L.wav,0.0069192058802204,COPD
186_2b4_Ar_mc_AKGC417L.wav,0.0032667261818445,COPD
186_2b4_Lr_mc_AKGC417L.wav,0.0033318681119489,COPD
186_2b4_Pl_mc_AKGC417L.wav,0.0074295787412993,COPD
186_2b4_Pr_mc_AKGC417L.wav,0.0103870223680394,COPD
186_2b4_Tc_mc_AKGC417L.wav,0.0060032536977958,COPD
186_3b3_Al_mc_AKGC417L.wav,0.0039498667705916,COPD
186_3b3_Ar_mc_AKGC417L.wav,0.0026549584904292,COPD
186_3b3_Lr_mc_AKGC417L.wav,0.0025830191415313,COPD
186_3b3_Pl_mc_AKGC417L.wav,0.0069781168430974,COPD
186_3b3_Pr_mc_AKGC417L.wav,0.010407981075986,COPD
186_3b3_Tc_mc_AKGC417L.wav,0.0055336653494779,COPD
187_1b1_Ll_sc_Meditron.wav,0.0017962179161832,Healthy
189_1b2_Lr_mc_LittC2SE.wav,0.0051297853828306,COPD
191_2b1_Pl_mc_LittC2SE.wav,0.0011278050681554,Pneumonia
191_2b1_Pr_mc_LittC2SE.wav,0.0013464553726798,Pneumonia
191_2b2_Tc_mc_LittC2SE.wav,0.002383061738689,Pneumonia
192_2b1_Al_mc_LittC2SE.wav,0.0030639365211716,COPD
192_2b1_Ar_mc_LittC2SE.wav,0.0033488616589327,COPD
192_2b2_Al_mc_LittC2SE.wav,0.0031149171621229,COPD
192_2b2_Ar_mc_LittC2SE.wav,0.002699141712587,COPD
192_2b3_Al_mc_LittC2SE.wav,0.002853216538573,COPD
192_2b3_Ar_mc_LittC2SE.wav,0.0023977894794083,COPD
193_1b2_Al_mc_AKGC417L.wav,0.007898600638051,COPD
193_1b2_Ar_mc_AKGC417L.wav,0.0088428753987819,COPD
193_1b2_Ll_mc_AKGC417L.wav,0.0168372063515081,COPD
193_1b2_Pl_mc_AKGC417L.wav,0.0055166718024941,COPD
193_1b2_Pr_mc_AKGC417L.wav,0.0067203813805104,COPD
193_1b2_Tc_mc_AKGC417L.wav,0.0174988217807424,COPD
193_1b4_Lr_mc_AKGC417L.wav,0.0094229218024942,COPD
193_7b3_Al_mc_AKGC417L.wav,0.0043055983541183,COPD
193_7b3_Ar_mc_AKGC417L.wav,0.017243918575986,COPD
193_7b3_Ll_mc_AKGC417L.wav,0.0054883492241879,COPD
193_7b3_Lr_mc_AKGC417L.wav,0.0283486350783062,COPD
193_7b3_Pl_mc_AKGC417L.wav,0.0088672328161252,COPD
193_7b3_Pr_mc_AKGC417L.wav,0.0056395917923433,COPD
193_7b3_Tc_mc_AKGC417L.wav,0.0073185542343387,COPD
194_1b1_Lr_sc_Meditron.wav,0.0021315572433294,Healthy
194_1b1_Pr_sc_Meditron.wav,0.0021814049811484,Healthy
195_1b1_Al_sc_Litt3200.wav,0.0044404128502155,COPD
195_1b1_Ar_sc_Litt3200.wav,0.0048204546004256,COPD
195_1b1_Ll_sc_Litt3200.wav,0.0048335701873232,COPD
195_1b1_Lr_sc_Litt3200.wav,0.0044079088184931,COPD
195_1b1_Pl_sc_Litt3200.wav,0.004583727275743,COPD
195_1b1_Pr_sc_Litt3200.wav,0.0045906751886609,COPD
198_1b5_Al_mc_AKGC417L.wav,0.00335509262616,COPD
198_1b5_Ar_mc_AKGC417L.wav,0.0053676950406032,COPD
198_1b5_Ll_mc_AKGC417L.wav,0.0040048125725058,COPD
198_1b5_Lr_mc_AKGC417L.wav,0.0059330137035962,COPD
198_1b5_Pl_mc_AKGC417L.wav,0.0036434164733178,COPD
198_1b5_Pr_mc_AKGC417L.wav,0.0081314122317285,COPD
198_1b5_Tc_mc_AKGC417L.wav,0.0077377283932714,COPD
198_6p1_Al_mc_AKGC417L.wav,0.0090552947360788,COPD
198_6p1_Ar_mc_AKGC417L.wav,0.0072845671403712,COPD
198_6p1_Ll_mc_AKGC417L.wav,0.0059007259643271,COPD
198_6p1_Lr_mc_AKGC417L.wav,0.0079999954683874,COPD
198_6p1_Pl_mc_AKGC417L.wav,0.0058854317720417,COPD
198_6p1_Pr_mc_AKGC417L.wav,0.0062422962587006,COPD
198_6p1_Tc_mc_AKGC417L.wav,0.0106515552494199,COPD
199_2b1_Ll_mc_LittC2SE.wav,0.0013917714979698,COPD
199_2b3_Ll_mc_LittC2SE.wav,0.001379309563515,COPD
200_2p2_Al_mc_AKGC417L.wav,0.0156317974187935,COPD
200_2p2_Ar_mc_AKGC417L.wav,0.0047094783207656,COPD
200_2p2_Lr_mc_AKGC417L.wav,0.0071282265081206,COPD
200_2p2_Pl_mc_AKGC417L.wav,0.0056871737238979,COPD
200_2p2_Pr_mc_AKGC417L.wav,0.0059245169301044,COPD
200_2p2_Tc_mc_AKGC417L.wav,0.0072228239196635,COPD
200_2p3_Al_mc_AKGC417L.wav,0.0118303409585266,COPD
200_2p3_Ar_mc_AKGC417L.wav,0.0043299557714617,COPD
200_2p3_Lr_mc_AKGC417L.wav,0.0074301451928654,COPD
200_2p3_Pl_mc_AKGC417L.wav,0.0066456097737819,COPD
200_2p3_Pr_mc_AKGC417L.wav,0.0061935814240139,COPD
200_2p3_Tc_mc_AKGC417L.wav,0.010855477813225,COPD
200_2p4_Al_mc_AKGC417L.wav,0.0138752311122389,COPD
200_2p4_Ar_mc_AKGC417L.wav,0.0054900485788863,COPD
200_2p4_Lr_mc_AKGC417L.wav,0.008418603175754,COPD
200_2p4_Pl_mc_AKGC417L.wav,0.0057540150087006,COPD
200_2p4_Pr_mc_AKGC417L.wav,0.0066897929959396,COPD
200_2p4_Tc_mc_AKGC417L.wav,0.0091850121447215,COPD
200_3p4_Al_mc_AKGC417L.wav,0.0121243293213457,COPD
200_3p4_Ar_mc_AKGC417L.wav,0.0041787132033062,COPD
200_3p4_Pl_mc_AKGC417L.wav,0.0049966692647911,COPD
200_3p4_Pr_mc_AKGC417L.wav,0.0067164162195475,COPD
200_3p4_Tc_mc_AKGC417L.wav,0.0060876549811484,COPD
202_1b1_Ar_sc_Meditron.wav,0.0031655279161781,Healthy
203_1p2_Al_mc_AKGC417L.wav,0.0052866924666473,COPD
203_1p2_Ar_mc_AKGC417L.wav,0.0038541364559164,COPD
203_1p2_Lr_mc_AKGC417L.wav,0.010552426225348,COPD
203_1p2_Pl_mc_AKGC417L.wav,0.0075502329248839,COPD
203_1p2_Pr_mc_AKGC417L.wav,0.0068036497607308,COPD
203_1p2_Tc_mc_AKGC417L.wav,0.0059165866081786,COPD
203_1p3_Al_mc_AKGC417L.wav,0.0056107027624709,COPD
203_1p3_Ar_mc_AKGC417L.wav,0.0038416745214617,COPD
203_1p3_Pl_mc_AKGC417L.wav,0.0071321916690835,COPD
203_1p3_Pr_mc_AKGC417L.wav,0.0047366679959396,COPD
203_1p3_Tc_mc_AKGC417L.wav,0.0075711916328306,COPD
203_1p4_Al_mc_AKGC417L.wav,0.005258369888341,COPD
203_1p4_Ar_mc_AKGC417L.wav,0.0036445493764501,COPD
203_1p4_Pl_mc_AKGC417L.wav,0.0074069206786542,COPD
203_1p4_Pr_mc_AKGC417L.wav,0.0049422899144431,COPD
203_1p4_Tc_mc_AKGC417L.wav,0.0059822949898491,COPD
203_2p3_Al_mc_AKGC417L.wav,0.004706646062935,COPD
203_2p3_Ar_mc_AKGC417L.wav,0.0039634616081786,COPD
203_2p3_Pl_mc_AKGC417L.wav,0.0058395491951856,COPD
203_2p3_Pr_mc_AKGC417L.wav,0.0073938922926334,COPD
203_2p3_Tc_mc_AKGC417L.wav,0.0079082303146751,COPD
204_2b5_Al_mc_AKGC417L.wav,0.0094891966357308,COPD
204_2b5_Ar_mc_AKGC417L.wav,0.0368499401827146,COPD
204_2b5_Ll_mc_AKGC417L.wav,0.0054770201928654,COPD
204_7p5_Al_mc_AKGC417L.wav,0.0659015416545823,COPD
204_7p5_Ar_mc_AKGC417L.wav,0.0672763196055684,COPD
204_7p5_Ll_mc_AKGC417L.wav,0.0381805349115429,COPD
204_7p5_Lr_mc_AKGC417L.wav,0.1035303527407192,COPD
204_7p5_Pr_mc_AKGC417L.wav,0.0228750135948375,COPD
204_7p5_Tc_mc_AKGC417L.wav,0.0455523355930974,COPD
205_1b3_Al_mc_AKGC417L.wav,0.0057002021099187,COPD
205_1b3_Ar_mc_AKGC417L.wav,0.0078402561267401,COPD
205_1b3_Ll_mc_AKGC417L.wav,0.0030826294228538,COPD
205_1b3_Lr_mc_AKGC417L.wav,0.0062298343242459,COPD
205_1b3_Pl_mc_AKGC417L.wav,0.0062145401319605,COPD
205_1b3_Pr_mc_AKGC417L.wav,0.0103099849550464,COPD
205_2b2_Pr_mc_AKGC417L.wav,0.0189206152117169,COPD
205_2b3_Al_mc_AKGC417L.wav,0.0068053491154292,COPD
205_2b3_Ar_mc_AKGC417L.wav,0.0048692176624129,COPD
205_2b3_Ll_mc_AKGC417L.wav,0.0033380990791763,COPD
205_2b4_Pl_mc_AKGC417L.wav,0.0095684998549883,COPD
205_3b4_Al_mc_AKGC417L.wav,0.0057914008120649,COPD
205_3b4_Ar_mc_AKGC417L.wav,0.0065765026827146,COPD
205_3b4_Pl_mc_AKGC417L.wav,0.0049383247534802,COPD
205_3b4_Pr_mc_AKGC417L.wav,0.0068144123404872,COPD
205_4b2_Al_mc_AKGC417L.wav,0.006632581387761,COPD
205_4b2_Ar_mc_AKGC417L.wav,0.0133705227668213,COPD
205_4b2_Lr_mc_AKGC417L.wav,0.0064943672056264,COPD
205_4b2_Pl_mc_AKGC417L.wav,0.0068727568517981,COPD
205_4b2_Pr_mc_AKGC417L.wav,0.0081784277117169,COPD
207_2b2_Al_mc_AKGC417L.wav,0.0066070910672853,COPD
207_2b2_Ar_mc_AKGC417L.wav,0.0072981619779582,COPD
207_2b2_Pl_mc_AKGC417L.wav,0.0113998377682714,COPD
207_2b2_Pr_mc_AKGC417L.wav,0.0092750779437354,COPD
207_2b2_Tc_mc_AKGC417L.wav,0.0214384924231438,COPD
207_2b3_Al_mc_AKGC417L.wav,0.00712539425029,COPD
207_2b3_Ar_mc_AKGC417L.wav,0.0066807297708816,COPD
207_2b3_Pl_mc_AKGC417L.wav,0.0083087115719257,COPD
207_2b3_Pr_mc_AKGC417L.wav,0.0102612701203596,COPD
207_2b3_Tc_mc_AKGC417L.wav,0.0314975393343967,COPD
207_2b4_Al_mc_AKGC417L.wav,0.0064411207584106,COPD
207_2b4_Ar_mc_AKGC417L.wav,0.0062015117459396,COPD
207_2b4_Pl_mc_AKGC417L.wav,0.0081115864269141,COPD
207_2b4_Pr_mc_AKGC417L.wav,0.009942357888631,COPD
207_2b4_Tc_mc_AKGC417L.wav,0.0202234538138051,COPD
207_3b2_Al_mc_AKGC417L.wav,0.0045474731728538,COPD
207_3b2_Ar_mc_AKGC417L.wav,0.0063941052784222,COPD
207_3b2_Lr_mc_AKGC417L.wav,0.0024040204466357,COPD
207_3b2_Pl_mc_AKGC417L.wav,0.0066954575116009,COPD
207_3b2_Pr_mc_AKGC417L.wav,0.0095254495359628,COPD
207_3b2_Tc_mc_AKGC417L.wav,0.0079988625652552,COPD
208_1b1_Ll_sc_Meditron.wav,0.00234375,Healthy
209_1b1_Tc_sc_Meditron.wav,0.0108254558802204,Healthy
211_1p2_Ar_mc_AKGC417L.wav,0.0049066034657772,COPD
211_1p2_Pl_mc_AKGC417L.wav,0.0069826484556264,COPD
211_1p2_Pr_mc_AKGC417L.wav,0.0115261564675174,COPD
211_1p3_Ar_mc_AKGC417L.wav,0.0045944886528422,COPD
211_1p5_Ar_mc_AKGC417L.wav,0.0053563660092807,COPD
211_2p2_Tc_mc_AKGC417L.wav,0.0025439339834686,COPD
211_2p3_Tc_mc_AKGC417L.wav,0.0025733894649071,COPD
211_2p4_Tc_mc_AKGC417L.wav,0.0028775739559164,COPD
212_2b2_Tc_mc_LittC2SE.wav,0.0020675482163573,COPD
213_1p2_Al_mc_AKGC417L.wav,0.0042880383555684,COPD
213_1p2_Ar_mc_AKGC417L.wav,0.009182746338457,COPD
213_1p2_Lr_mc_AKGC417L.wav,0.0089555992604408,COPD
213_1p2_Pl_mc_AKGC417L.wav,0.0066943246084686,COPD
213_1p2_Pr_mc_AKGC417L.wav,0.0042880383555684,COPD
213_1p2_Tc_mc_AKGC417L.wav,0.0109687681264501,COPD
213_1p3_Al_mc_AKGC417L.wav,0.0035748758338167,COPD
213_1p3_Ar_mc_AKGC417L.wav,0.0037113906612529,COPD
213_1p3_Pl_mc_AKGC417L.wav,0.0093067992314385,COPD
213_1p3_Pr_mc_AKGC417L.wav,0.0041662512688515,COPD
213_1p5_Al_mc_AKGC417L.wav,0.0039866861223897,COPD
213_1p5_Ar_mc_AKGC417L.wav,0.0034621519721577,COPD
213_1p5_Pl_mc_AKGC417L.wav,0.0102114223825406,COPD
213_1p5_Pr_mc_AKGC417L.wav,0.0036728719547563,COPD
213_1p5_Tc_mc_AKGC417L.wav,0.0085182986513921,COPD
213_2p2_Al_mc_AKGC417L.wav,0.0272956016168793,COPD
213_2p2_Ar_mc_AKGC417L.wav,0.0039079493546983,COPD
213_2p2_Pl_mc_AKGC417L.wav,0.0025263739849187,COPD
213_2p2_Pr_mc_AKGC417L.wav,0.0051575415095707,COPD
213_2p2_Tc_mc_AKGC417L.wav,0.0063635168938515,COPD
214_1b1_Ar_sc_Meditron.wav,0.0038988258406432,Healthy
217_1b1_Tc_sc_Meditron.wav,0.0046873867096867,Healthy
218_1b1_Al_sc_Meditron.wav,0.0024123646854575,COPD
218_1b1_Ar_sc_Meditron.wav,0.0016285615808823,COPD
218_1b1_Lr_sc_Meditron.wav,0.0014105597382493,COPD
218_1b1_Pl_sc_Meditron.wav,0.0012729837436868,COPD
218_1b1_Pr_sc_Meditron.wav,0.0016800491898148,COPD
218_1p1_Ar_sc_Litt3200.wav,0.0040794982412316,COPD
218_1p1_Pl_sc_Litt3200.wav,0.0027101121081656,COPD
218_1p1_Pr_sc_Litt3200.wav,0.0042343265754132,COPD
219_2b1_Ar_mc_LittC2SE.wav,0.0011538618401972,Pneumonia
219_2b1_Tc_mc_LittC2SE.wav,0.0014654102015661,Pneumonia
219_2b2_Ar_mc_LittC2SE.wav,0.0009669328233758,Pneumonia
219_2b2_Tc_mc_LittC2SE.wav,0.0015900295461136,Pneumonia
219_2b3_Tc_mc_LittC2SE.wav,0.0014365211716937,Pneumonia
220_1b1_Tc_mc_LittC2SE.wav,0.0112565255220417,COPD
220_1b2_Al_mc_LittC2SE.wav,0.0053574989124129,COPD
221_2b1_Al_mc_LittC2SE.wav,0.0023224514211136,COPD
221_2b1_Ar_mc_LittC2SE.wav,0.0014563469765081,COPD
221_2b1_Lr_mc_LittC2SE.wav,0.0020681146679234,COPD
221_2b1_Pl_mc_LittC2SE.wav,0.0039085158062645,COPD
221_2b2_Al_mc_LittC2SE.wav,0.0020182669301044,COPD
221_2b2_Ar_mc_LittC2SE.wav,0.0013594837587006,COPD
221_2b2_Lr_mc_LittC2SE.wav,0.0015294192285382,COPD
221_2b2_Pl_mc_LittC2SE.wav,0.0034032410092807,COPD
221_2b3_Al_mc_LittC2SE.wav,0.0024680294736078,COPD
221_2b3_Ar_mc_LittC2SE.wav,0.00155547600058,COPD
221_2b3_Lr_mc_LittC2SE.wav,0.0023133881960556,COPD
221_2b3_Pr_mc_LittC2SE.wav,0.0022074617531902,COPD
222_1b1_Ar_sc_Meditron.wav,0.0014608851243373,COPD
222_1b1_Lr_sc_Meditron.wav,0.0010191707936308,COPD
222_1b1_Pr_sc_Meditron.wav,0.0017951562005381,COPD
223_1b1_Al_sc_Meditron.wav,0.0010668610873287,COPD
223_1b1_Ar_sc_Meditron.wav,0.0017511237157534,COPD
223_1b1_Ll_sc_Meditron.wav,0.000745397180944,COPD
223_1b1_Lr_sc_Meditron.wav,0.000957782451923,COPD
223_1b1_Pl_sc_Meditron.wav,0.0010516826923076,COPD
223_1b1_Pr_sc_Meditron.wav,0.0007512019230769,COPD
224_1b1_Tc_sc_Meditron.wav,0.0017854553364269,Healthy
224_1b2_Al_sc_Meditron.wav,0.002066415313225,Healthy
225_1b1_Pl_sc_Meditron.wav,0.0022323856220997,Healthy
226_1b1_Al_sc_Meditron.wav,0.0030089907192575,Pneumonia
226_1b1_Ll_sc_Meditron.wav,0.002034694025522,Pneumonia
226_1b1_Pl_sc_LittC2SE.wav,0.0020160011238399,Pneumonia
102_1b1_Ar_sc_Meditron.wav,0.0022782681989559,Healthy
103_2b2_Ar_mc_LittC2SE.wav,0.0011096786180394,Asthma
104_1b1_Al_sc_Litt3200.wav,0.0067565828605417,COPD
104_1b1_Ar_sc_Litt3200.wav,0.0075590545598911,COPD
104_1b1_Ll_sc_Litt3200.wav,0.0038185311322236,COPD
104_1b1_Lr_sc_Litt3200.wav,0.0025001808449074,COPD
104_1b1_Pl_sc_Litt3200.wav,0.0060879636943882,COPD
104_1b1_Pr_sc_Litt3200.wav,0.0049721555467221,COPD
106_2b1_Pl_mc_LittC2SE.wav,0.0105326004205336,COPD
106_2b1_Pr_mc_LittC2SE.wav,0.0019916437064965,COPD
107_2b3_Al_mc_AKGC417L.wav,0.0037923932352088,COPD
107_2b3_Ar_mc_AKGC417L.wav,0.0041339635295823,COPD
107_2b3_Ll_mc_AKGC417L.wav,0.0089261437790023,COPD
107_2b3_Lr_mc_AKGC417L.wav,0.0064280923723897,COPD
107_2b3_Pl_mc_AKGC417L.wav,0.0085330263921113,COPD
107_2b3_Pr_mc_AKGC417L.wav,0.0072063968242459,COPD
107_2b3_Tc_mc_AKGC417L.wav,0.0043231583526682,COPD
107_2b4_Al_mc_AKGC417L.wav,0.004163985462587,COPD
107_2b4_Ar_mc_AKGC417L.wav,0.003558448738399,COPD
107_2b4_Ll_mc_AKGC417L.wav,0.0089182134570765,COPD
107_2b4_Lr_mc_AKGC417L.wav,0.0067736278277262,COPD
107_2b4_Pl_mc_AKGC417L.wav,0.0051700034440255,COPD
107_2b4_Pr_mc_AKGC417L.wav,0.006185084650522,COPD
107_2b4_Tc_mc_AKGC417L.wav,0.0050697415168213,COPD
107_2b5_Al_mc_AKGC417L.wav,0.0041889093314965,COPD
107_2b5_Ar_mc_AKGC417L.wav,0.0075275748622389,COPD
107_2b5_Ll_mc_AKGC417L.wav,0.0087867966937354,COPD
107_2b5_Lr_mc_AKGC417L.wav,0.005398283425174,COPD
107_2b5_Pl_mc_AKGC417L.wav,0.0086072315472737,COPD
107_2b5_Pr_mc_AKGC417L.wav,0.0071270936049883,COPD
107_2b5_Tc_mc_AKGC417L.wav,0.004489695113109,COPD
107_3p2_Al_mc_AKGC417L.wav,0.0130017627972737,COPD
107_3p2_Ar_mc_AKGC417L.wav,0.004706646062935,COPD
107_3p2_Ll_mc_AKGC417L.wav,0.0090858831206496,COPD
107_3p2_Lr_mc_AKGC417L.wav,0.0150653458526682,COPD
107_3p2_Pl_mc_AKGC417L.wav,0.0050782382903132,COPD
107_3p2_Pr_mc_AKGC417L.wav,0.0064694433367169,COPD
107_3p2_Tc_mc_AKGC417L.wav,0.0053795905234918,COPD
109_1b1_Al_sc_Litt3200.wav,0.005023276969178,COPD
109_1b1_Ar_sc_Litt3200.wav,0.0049810365188953,COPD
109_1b1_Ll_sc_Litt3200.wav,0.0051898276969178,COPD
109_1b1_Lr_sc_Litt3200.wav,0.0038997568982712,COPD
109_1b1_Pl_sc_Litt3200.wav,0.0033852455650459,COPD
109_1b1_Pr_sc_Litt3200.wav,0.0047308859810371,COPD
110_1b1_Pr_sc_Meditron.wav,0.0013024006051007,COPD
110_1p1_Al_sc_Meditron.wav,0.0012221062320402,COPD
110_1p1_Ll_sc_Meditron.wav,0.0019156994314111,COPD
110_1p1_Lr_sc_Meditron.wav,0.001208111344914,COPD
110_1p1_Pr_sc_Meditron.wav,0.00132021246336,COPD
112_1b1_Ar_sc_Meditron.wav,0.0017996079049777,COPD
112_1b1_Lr_sc_Meditron.wav,0.0013097267783149,COPD
112_1p1_Ll_sc_Litt3200.wav,0.0019770565711462,COPD
112_1p1_Pl_sc_Litt3200.wav,0.0021114762722523,COPD
112_1p1_Pr_sc_Litt3200.wav,0.0021024060323142,COPD
113_1b1_Al_sc_Litt3200.wav,0.0041465030354299,COPD
113_1b1_Ar_sc_Litt3200.wav,0.0029073619561209,COPD
113_1b1_Ll_sc_Litt3200.wav,0.0041650716870824,COPD
113_1b1_Lr_sc_Litt3200.wav,0.003787289759156,COPD
113_1b1_Pl_sc_Litt3200.wav,0.0038756602763002,COPD
113_1b1_Pr_sc_Litt3200.wav,0.0031957878637566,COPD
114_1b4_Al_mc_AKGC417L.wav,0.0104827526827146,COPD
114_1b4_Ar_mc_AKGC417L.wav,0.0149752800536542,COPD
114_1b4_Lr_mc_AKGC417L.wav,0.007821563225058,COPD
114_1b4_Pl_mc_AKGC417L.wav,0.0097237075841067,COPD
114_1b4_Pr_mc_AKGC417L.wav,0.0068178110498839,COPD
117_1b2_Tc_mc_LittC2SE.wav,0.0076793838819605,COPD
117_1b3_Tc_mc_LittC2SE.wav,0.0073933258410672,COPD
118_1b1_Al_sc_Litt3200.wav,0.008033580865817,COPD
118_1b1_Ar_sc_Litt3200.wav,0.0068081591735145,COPD
118_1b1_Ll_sc_Litt3200.wav,0.0054777922453703,COPD
118_1b1_Lr_sc_Litt3200.wav,0.0057357523482658,COPD
118_1b1_Pl_sc_Litt3200.wav,0.0066722678072625,COPD
118_1b1_Pr_sc_Litt3200.wav,0.0123597896298882,COPD
120_1b1_Al_sc_Meditron.wav,0.001289741847826,COPD
120_1b1_Ar_sc_Meditron.wav,0.0010922214673913,COPD
120_1b1_Lr_sc_Meditron.wav,0.0011567255251817,COPD
120_1b1_Pl_sc_Meditron.wav,0.0010223125861178,COPD
120_1b1_Pr_sc_Meditron.wav,0.0019035063404236,COPD
121_1b1_Tc_sc_Meditron.wav,0.0107450197578306,Healthy
121_1p1_Tc_sc_Meditron.wav,0.0073134561702436,Healthy
122_2b1_Al_mc_LittC2SE.wav,0.0022454140081206,Pneumonia
122_2b1_Ar_mc_LittC2SE.wav,0.0020109030597447,Pneumonia
122_2b1_Tc_mc_LittC2SE.wav,0.0042483867459396,Pneumonia
122_2b2_Al_mc_LittC2SE.wav,0.0018120785600348,Pneumonia
122_2b2_Ar_mc_LittC2SE.wav,0.0019078088747099,Pneumonia
122_2b2_Tc_mc_LittC2SE.wav,0.002848684926044,Pneumonia
122_2b3_Al_mc_LittC2SE.wav,0.0017990501740139,Pneumonia
122_2b3_Ar_mc_LittC2SE.wav,0.0019474604843387,Pneumonia
122_2b3_Tc_mc_LittC2SE.wav,0.0036411506670533,Pneumonia
123_1b1_Al_sc_Meditron.wav,0.0018749546838747,Healthy
124_1b1_Al_sc_Litt3200.wav,0.0050383391203703,COPD
124_1b1_Ar_sc_Litt3200.wav,0.0059187741623711,COPD
124_1b1_Ll_sc_Litt3200.wav,0.0050227657245222,COPD
124_1b1_Lr_sc_Litt3200.wav,0.0041005124327956,COPD
124_1b1_Pl_sc_Litt3200.wav,0.0056702103510895,COPD
124_1b1_Pr_sc_Litt3200.wav,0.0050671782817109,COPD
125_1b1_Tc_sc_Meditron.wav,0.0103564339834686,Healthy
126_1b1_Al_sc_Meditron.wav,0.002812432025812,Healthy
127_1b1_Ar_sc_Meditron.wav,0.0033930159335075,Healthy
128_1b3_Tc_mc_LittC2SE.wav,0.006876722012761,COPD
130_1p2_Al_mc_AKGC417L.wav,0.0053807234266241,COPD
130_1p2_Ar_mc_AKGC417L.wav,0.0048754486296403,COPD
130_1p2_Ll_mc_AKGC417L.wav,0.0065702717154872,COPD
130_1p2_Lr_mc_AKGC417L.wav,0.0061601607816125,COPD
130_1p2_Pl_mc_AKGC417L.wav,0.0032967481148491,COPD
130_1p2_Pr_mc_AKGC417L.wav,0.0025643262398491,COPD
130_1p2_Tc_mc_AKGC417L.wav,0.018862270700406,COPD
130_1p3_Al_mc_AKGC417L.wav,0.0046913518706496,COPD
130_1p3_Ar_mc_AKGC417L.wav,0.0042982344837587,COPD
130_1p3_Ll_mc_AKGC417L.wav,0.0062468278712296,COPD
130_1p3_Lr_mc_AKGC417L.wav,0.0101944288355568,COPD
130_1p3_Pl_mc_AKGC417L.wav,0.0055347982526102,COPD
130_1p3_Pr_mc_AKGC417L.wav,0.0034049403639791,COPD
130_1p3_Tc_mc_AKGC417L.wav,0.0217449427204176,COPD
130_1p4_Al_mc_AKGC417L.wav,0.0052980214979698,COPD
130_1p4_Ar_mc_AKGC417L.wav,0.0047270383193155,COPD
130_1p4_Ll_mc_AKGC417L.wav,0.006153363362819,COPD
130_1p4_Lr_mc_AKGC417L.wav,0.0062825143198955,COPD
130_1p4_Pl_mc_AKGC417L.wav,0.0039770564457656,COPD
130_1p4_Pr_mc_AKGC417L.wav,0.003793526138341,COPD
130_1p4_Tc_mc_AKGC417L.wav,0.066804465450986,COPD
130_2b2_Al_mc_AKGC417L.wav,0.004638671875,COPD
130_2b2_Ar_mc_AKGC417L.wav,0.0052651673071345,COPD
130_2b2_Ll_mc_AKGC417L.wav,0.0077683167778422,COPD
130_2b2_Lr_mc_AKGC417L.wav,0.005701335013051,COPD
130_2b2_Pl_mc_AKGC417L.wav,0.0044585402769721,COPD
130_2b2_Pr_mc_AKGC417L.wav,0.0038105196853248,COPD
130_2b2_Tc_mc_AKGC417L.wav,0.0044902615646751,COPD
130_2b3_Al_mc_AKGC417L.wav,0.0046058176841647,COPD
130_2b3_Ar_mc_AKGC417L.wav,0.0050283905524941,COPD
130_2b3_Ll_mc_AKGC417L.wav,0.0074250471287703,COPD
130_2b3_Lr_mc_AKGC417L.wav,0.0052787621447215,COPD
130_2b3_Pl_mc_AKGC417L.wav,0.0045276473680394,COPD
130_2b3_Pr_mc_AKGC417L.wav,0.0039022848390371,COPD
130_2b3_Tc_mc_AKGC417L.wav,0.0059449091864849,COPD
130_2b4_Al_mc_AKGC417L.wav,0.0045497389791183,COPD
130_2b4_Ar_mc_AKGC417L.wav,0.004670393162703,COPD
130_2b4_Ll_mc_AKGC417L.wav,0.0069299684599767,COPD
130_2b4_Lr_mc_AKGC417L.wav,0.0049774099115429,COPD
130_2b4_Pl_mc_AKGC417L.wav,0.0045344447868329,COPD
130_2p3_Pl_mc_AKGC417L.wav,0.0035261609991299,COPD
130_2p5_Al_mc_AKGC417L.wav,0.0041254667560904,COPD
130_2p5_Ar_mc_AKGC417L.wav,0.0113907745432134,COPD
130_2p5_Lr_mc_AKGC417L.wav,0.0169827844040023,COPD
130_2p5_Pl_mc_AKGC417L.wav,0.004959849912993,COPD
130_2p5_Pr_mc_AKGC417L.wav,0.0166389483033642,COPD
130_2p5_Tc_mc_AKGC417L.wav,0.0180029636745939,COPD
130_3b3_Ll_mc_AKGC417L.wav,0.004051261600928,COPD
130_3b4_Al_mc_AKGC417L.wav,0.0053405053654292,COPD
130_3b4_Ar_mc_AKGC417L.wav,0.0197878525594547,COPD
130_3b4_Lr_mc_AKGC417L.wav,0.017705010150812,COPD
130_3b4_Pl_mc_AKGC417L.wav,0.0035210629350348,COPD
130_3b4_Pr_mc_AKGC417L.wav,0.0042444215849767,COPD
130_3p2_Al_mc_AKGC417L.wav,0.0165324554089327,COPD
130_3p2_Ar_mc_AKGC417L.wav,0.0084894096215197,COPD
130_3p2_Pl_mc_AKGC417L.wav,0.0026470281685034,COPD
130_3p2_Pr_mc_AKGC417L.wav,0.0073791645519141,COPD
130_3p2_Tc_mc_AKGC417L.wav,0.0129343550609048,COPD
130_3p3_Al_mc_AKGC417L.wav,0.0154765896896751,COPD
130_3p3_Pl_mc_AKGC417L.wav,0.0030276836209396,COPD
130_3p3_Pr_mc_AKGC417L.wav,0.0066269168720997,COPD
130_3p3_Tc_mc_AKGC417L.wav,0.0124664660672853,COPD
130_3p4_Al_mc_AKGC417L.wav,0.0179729417415893,COPD
130_3p4_Pl_mc_AKGC417L.wav,0.0026770501015081,COPD
130_3p4_Pr_mc_AKGC417L.wav,0.0069186394286542,COPD
130_3p4_Tc_mc_AKGC417L.wav,0.0155275703306264,COPD
132_2b1_Lr_mc_LittC2SE.wav,0.0013396579538863,COPD
132_2b2_Lr_mc_LittC2SE.wav,0.0014036669808584,COPD
133_2p2_Al_mc_AKGC417L.wav,0.0046896525159512,COPD
133_2p2_Ar_mc_AKGC417L.wav,0.0040065119272041,COPD
133_2p2_Pl_mc_AKGC417L.wav,0.0060655633700696,COPD
133_2p2_Tc_mc_AKGC417L.wav,0.0066784639646171,COPD
133_2p3_Al_mc_AKGC417L.wav,0.0047678228320765,COPD
133_2p3_Ar_mc_AKGC417L.wav,0.0034757468097447,COPD
133_2p3_Pl_mc_AKGC417L.wav,0.0062864794808584,COPD
133_2p3_Pr_mc_AKGC417L.wav,0.0102918585049303,COPD
133_2p3_Tc_mc_AKGC417L.wav,0.0053144485933874,COPD
133_2p4_Al_mc_AKGC417L.wav,0.0045072551116589,COPD
133_2p4_Ar_mc_AKGC417L.wav,0.003838842263631,COPD
133_2p4_Pl_mc_AKGC417L.wav,0.0052561040820765,COPD
133_2p4_Pr_mc_AKGC417L.wav,0.0100601798143851,COPD
133_2p4_Tc_mc_AKGC417L.wav,0.006271185288573,COPD
133_3p2_Al_mc_AKGC417L.wav,0.0051371492531902,COPD
133_3p2_Ar_mc_AKGC417L.wav,0.0050788047418793,COPD
133_3p2_Pl_mc_AKGC417L.wav,0.0056395917923433,COPD
133_3p2_Pr_mc_AKGC417L.wav,0.0095628353393271,COPD
133_3p4_Tc_mc_AKGC417L.wav,0.0059670007975638,COPD
134_2b1_Al_mc_LittC2SE.wav,0.0015481121302204,COPD
134_2b1_Ar_mc_LittC2SE.wav,0.0015662385803364,COPD
134_2b2_Al_mc_LittC2SE.wav,0.0014433185904872,COPD
134_2b2_Ar_mc_LittC2SE.wav,0.0013980024651972,COPD
134_2b3_Ar_mc_LittC2SE.wav,0.001411030851218,COPD
135_2b1_Al_mc_LittC2SE.wav,0.0020273301551624,Pneumonia
135_2b1_Ar_mc_LittC2SE.wav,0.0015475456786542,Pneumonia
135_2b1_Pl_mc_LittC2SE.wav,0.0046290421983758,Pneumonia
135_2b1_Tc_mc_LittC2SE.wav,0.0040404990211716,Pneumonia
135_2b2_Al_mc_LittC2SE.wav,0.0020035391893851,Pneumonia
135_2b2_Ar_mc_LittC2SE.wav,0.0016868927639211,Pneumonia
135_2b2_Pl_mc_LittC2SE.wav,0.0048533570185614,Pneumonia
135_2b2_Tc_mc_LittC2SE.wav,0.0034933068082946,Pneumonia
135_2b3_Al_mc_LittC2SE.wav,0.0017350411470417,Pneumonia
135_2b3_Ar_mc_LittC2SE.wav,0.0014869353610788,Pneumonia
135_2b3_Pl_mc_LittC2SE.wav,0.0046675609048723,Pneumonia
135_2b3_Pr_mc_LittC2SE.wav,0.0011051470055104,Pneumonia
135_2b3_Tc_mc_LittC2SE.wav,0.0037295171113689,Pneumonia
136_1b1_Ar_sc_Meditron.wav,0.0017299430829466,Healthy
138_1p2_Al_mc_AKGC417L.wav,0.0094013966429814,COPD
138_1p2_Ar_mc_AKGC417L.wav,0.0263603900812064,COPD
138_1p2_Ll_mc_AKGC417L.wav,0.0064411207584106,COPD
138_1p2_Lr_mc_AKGC417L.wav,0.0143476517183874,COPD
138_1p2_Pl_mc_AKGC417L.wav,0.0056175001812645,COPD
138_1p2_Pr_mc_AKGC417L.wav,0.0070914071563225,COPD
138_1p2_Tc_mc_AKGC417L.wav,0.009399697288283,COPD
138_1p3_Al_mc_AKGC417L.wav,0.0111472003697795,COPD
138_1p3_Ar_mc_AKGC417L.wav,0.0044279518924013,COPD
138_1p3_Ll_mc_AKGC417L.wav,0.0073185542343387,COPD
138_1p3_Lr_mc_AKGC417L.wav,0.015968836100638,COPD
138_1p3_Pl_mc_AKGC417L.wav,0.0056492214689675,COPD
138_1p3_Pr_mc_AKGC417L.wav,0.0071922355350928,COPD
138_1p3_Tc_mc_AKGC417L.wav,0.0078685787050464,COPD
138_1p4_Ar_mc_AKGC417L.wav,0.0057109646896751,COPD
138_1p4_Ll_mc_AKGC417L.wav,0.0071214290893271,COPD
138_1p4_Lr_mc_AKGC417L.wav,0.0174257495287122,COPD
138_1p4_Pl_mc_AKGC417L.wav,0.00566055050029,COPD
138_1p4_Pr_mc_AKGC417L.wav,0.0069798161977958,COPD
138_1p4_Tc_mc_AKGC417L.wav,0.007835158062645,COPD
138_2p2_Al_mc_AKGC417L.wav,0.0104742559092227,COPD
138_2p2_Ar_mc_AKGC417L.wav,0.0073961580988979,COPD
138_2p2_Ll_mc_AKGC417L.wav,0.0064575478538283,COPD
138_2p2_Lr_mc_AKGC417L.wav,0.0038280796838747,COPD
138_2p2_Pl_mc_AKGC417L.wav,0.0096727269431554,COPD
138_2p2_Pr_mc_AKGC417L.wav,0.0082022186774942,COPD
138_2p2_Tc_mc_AKGC417L.wav,0.0075898845345127,COPD
139_1b1_Al_sc_Litt3200.wav,0.0058097388445626,COPD
139_1b1_Ar_sc_Litt3200.wav,0.0050961847174657,COPD
139_1b1_Ll_sc_Litt3200.wav,0.0066913018513363,COPD
139_1b1_Lr_sc_Litt3200.wav,0.0058142789609872,COPD
139_1b1_Pl_sc_Litt3200.wav,0.0040073273288216,COPD
139_1b1_Pr_sc_Litt3200.wav,0.00560546875,COPD
140_2b2_Ll_mc_LittC2SE.wav,0.001117042488399,Pneumonia
140_2b2_Tc_mc_LittC2SE.wav,0.0031664642546403,Pneumonia
140_2b3_Ll_mc_LittC2SE.wav,0.0012071082874129,Pneumonia
140_2b3_Tc_mc_LittC2SE.wav,0.0017939521099187,Pneumonia
141_1b1_Pr_mc_LittC2SE.wav,0.0078034367749419,COPD
141_1b2_Ar_mc_LittC2SE.wav,0.003124546838747,COPD
141_1b2_Lr_mc_LittC2SE.wav,0.0056282627610208,COPD
141_1b2_Pr_mc_LittC2SE.wav,0.0091668856946055,COPD
141_1b2_Tc_mc_LittC2SE.wav,0.0049921376522621,COPD
141_1b3_Al_mc_LittC2SE.wav,0.0045248151102088,COPD
141_1b3_Ar_mc_LittC2SE.wav,0.0031732616734338,COPD
141_1b3_Pr_mc_LittC2SE.wav,0.0105779165458236,COPD
142_1b1_Pl_mc_LittC2SE.wav,0.0050181944243039,COPD
143_1b1_Al_sc_Meditron.wav,0.0030950913573085,Healthy
144_1b1_Al_sc_Meditron.wav,0.0026846962108013,Healthy
144_1b1_Tc_sc_Meditron.wav,0.0062881788355568,Healthy
145_2b2_Al_mc_AKGC417L.wav,0.0084939412340487,COPD
145_2b2_Ar_mc_AKGC417L.wav,0.0041441596577726,COPD
145_2b2_Lr_mc_AKGC417L.wav,0.0078068354843387,COPD
145_2b2_Pr_mc_AKGC417L.wav,0.0104295062354988,COPD
145_3b2_Ar_mc_AKGC417L.wav,0.0040008474115429,COPD
145_3b2_Lr_mc_AKGC417L.wav,0.0033392319823085,COPD
145_3b4_Pl_mc_AKGC417L.wav,0.0054645582584106,COPD
146_2b2_Pl_mc_AKGC417L.wav,0.0047242060614849,COPD
146_2b4_Al_mc_AKGC417L.wav,0.0045072551116589,COPD
146_2b4_Ar_mc_AKGC417L.wav,0.0063754123767401,COPD
146_2b4_Ll_mc_AKGC417L.wav,0.0104164778494779,COPD
146_2b4_Lr_mc_AKGC417L.wav,0.0076335013051044,COPD
146_2b4_Pr_mc_AKGC417L.wav,0.0107410545968677,COPD
146_8p3_Al_mc_AKGC417L.wav,0.0064326239849187,COPD
146_8p3_Ar_mc_AKGC417L.wav,0.0100409204611368,COPD
146_8p3_Lr_mc_AKGC417L.wav,0.04046446762616,COPD
146_8p3_Pl_mc_AKGC417L.wav,0.0201866344620069,COPD
146_8p3_Pr_mc_AKGC417L.wav,0.0163262670388631,COPD
147_1b2_Tc_mc_AKGC417L.wav,0.0141380646389211,COPD
147_1b3_Tc_mc_AKGC417L.wav,0.0126692557279582,COPD
147_1b4_Tc_mc_AKGC417L.wav,0.0131586698810904,COPD
147_2b2_Al_mc_AKGC417L.wav,0.0065504459106728,COPD
147_2b2_Ar_mc_AKGC417L.wav,0.0048357970200116,COPD
147_2b2_Pl_mc_AKGC417L.wav,0.0055381969620069,COPD
147_2b3_Al_mc_AKGC417L.wav,0.0060644304669373,COPD
147_2b3_Ar_mc_AKGC417L.wav,0.0040977106293503,COPD
147_2b3_Ll_mc_AKGC417L.wav,0.0100907681989559,COPD
147_2b3_Lr_mc_AKGC417L.wav,0.0065221233323665,COPD
147_2b3_Pl_mc_AKGC417L.wav,0.0060598988544083,COPD
147_2b4_Al_mc_AKGC417L.wav,0.0054696563225058,COPD
147_2b4_Ar_mc_AKGC417L.wav,0.0032536977958236,COPD
147_2b4_Ll_mc_AKGC417L.wav,0.0089493682932134,COPD
147_2b4_Lr_mc_AKGC417L.wav,0.0062904446418213,COPD
147_2b4_Pl_mc_AKGC417L.wav,0.0049117015298723,COPD
151_2p2_Al_mc_AKGC417L.wav,0.0046352731656032,COPD
151_2p2_Ar_mc_AKGC417L.wav,0.0049717453958816,COPD
151_2p2_Ll_mc_AKGC417L.wav,0.0084973399434454,COPD
151_2p2_Lr_mc_AKGC417L.wav,0.0082084496447215,COPD
151_2p2_Pl_mc_AKGC417L.wav,0.0061720562645011,COPD
151_2p2_Pr_mc_AKGC417L.wav,0.0086955979915893,COPD
151_2p2_Tc_mc_AKGC417L.wav,0.0117221487093967,COPD
151_2p3_Al_mc_AKGC417L.wav,0.0054096124564965,COPD
151_2p3_Ar_mc_AKGC417L.wav,0.0049768434599767,COPD
151_2p3_Ll_mc_AKGC417L.wav,0.00863555412558,COPD
151_2p3_Lr_mc_AKGC417L.wav,0.0092065373042343,COPD
151_2p3_Pl_mc_AKGC417L.wav,0.0065255220417633,COPD
151_2p3_Pr_mc_AKGC417L.wav,0.009937826276102,COPD
151_2p3_Tc_mc_AKGC417L.wav,0.010032423687645,COPD
151_2p4_Al_mc_AKGC417L.wav,0.0059063904799883,COPD
151_2p4_Ar_mc_AKGC417L.wav,0.0053552331061484,COPD
151_2p4_Ll_mc_AKGC417L.wav,0.0113941732526102,COPD
151_2p4_Lr_mc_AKGC417L.wav,0.0126913473390371,COPD
151_2p4_Pl_mc_AKGC417L.wav,0.0063323620577146,COPD
151_2p4_Pr_mc_AKGC417L.wav,0.0089034857163573,COPD
151_2p4_Tc_mc_AKGC417L.wav,0.0111239758555684,COPD
151_3p2_Al_mc_AKGC417L.wav,0.0059403775739559,COPD
151_3p2_Ar_mc_AKGC417L.wav,0.0066257839689675,COPD
151_3p2_Lr_mc_AKGC417L.wav,0.0091442276319605,COPD
151_3p2_Pl_mc_AKGC417L.wav,0.0064734084976798,COPD
151_3p2_Pr_mc_AKGC417L.wav,0.0080209541763341,COPD
151_3p2_Tc_mc_AKGC417L.wav,0.1272590088457076,COPD
151_3p3_Ll_mc_AKGC417L.wav,0.0098704185397331,COPD
152_1b1_Al_sc_Meditron.wav,0.0024119507685614,Healthy
153_1b1_Al_sc_Meditron.wav,0.0022437146534222,Healthy
154_1b3_Al_mc_AKGC417L.wav,0.0043684744779582,COPD
154_1b3_Ar_mc_AKGC417L.wav,0.0199691170606148,COPD
154_1b3_Ll_mc_AKGC417L.wav,0.0040665557932134,COPD
154_1b3_Lr_mc_AKGC417L.wav,0.0050255582946635,COPD
154_1b3_Pl_mc_AKGC417L.wav,0.0090133773201856,COPD
154_1b3_Pr_mc_AKGC417L.wav,0.0093056663283062,COPD
154_1b3_Tc_mc_AKGC417L.wav,0.0134889111441415,COPD
154_2b4_Al_mc_AKGC417L.wav,0.0060751930466937,COPD
154_2b4_Ar_mc_AKGC417L.wav,0.035658126087587,COPD
154_2b4_Ll_mc_AKGC417L.wav,0.0055410292198375,COPD
154_2b4_Lr_mc_AKGC417L.wav,0.0147090478175754,COPD
154_2b4_Pl_mc_AKGC417L.wav,0.0102578714109628,COPD
154_2b4_Pr_mc_AKGC417L.wav,0.0226886510295823,COPD
154_2b4_Tc_mc_AKGC417L.wav,0.0356292370577146,COPD
154_3b3_Al_mc_AKGC417L.wav,0.0041447261093387,COPD
154_3b3_Ar_mc_AKGC417L.wav,0.0085653141313805,COPD
154_3b3_Ll_mc_AKGC417L.wav,0.0058712704828886,COPD
154_4b4_Al_mc_AKGC417L.wav,0.0032933494054524,COPD
154_4b4_Ar_mc_AKGC417L.wav,0.0384286406975058,COPD
154_4b4_Ll_mc_AKGC417L.wav,0.011976485462587,COPD
154_4b4_Lr_mc_AKGC417L.wav,0.0044211544736078,COPD
154_4b4_Pl_mc_AKGC417L.wav,0.0087426134715777,COPD
154_4b4_Pr_mc_AKGC417L.wav,0.0077609529074825,COPD
155_2b1_Al_mc_LittC2SE.wav,0.0015730359991299,COPD
156_2b3_Al_mc_AKGC417L.wav,0.0047763196055684,COPD
156_2b3_Ar_mc_AKGC417L.wav,0.0202364821998259,COPD
156_2b3_Ll_mc_AKGC417L.wav,0.0081376431989559,COPD
156_2b3_Lr_mc_AKGC417L.wav,0.0036655080843967,COPD
156_2b3_Pl_mc_AKGC417L.wav,0.0065555439747679,COPD
156_2b3_Pr_mc_AKGC417L.wav,0.0068370704031322,COPD
156_5b3_Al_mc_AKGC417L.wav,0.0069124084614269,COPD
156_5b3_Ar_mc_AKGC417L.wav,0.0058021633918213,COPD
156_5b3_Ll_mc_AKGC417L.wav,0.0271392609846287,COPD
156_5b3_Lr_mc_AKGC417L.wav,0.0054940137398491,COPD
156_5b3_Pl_mc_AKGC417L.wav,0.0066138884860788,COPD
156_5b3_Pr_mc_AKGC417L.wav,0.0050012008773201,COPD
156_8b3_Al_mc_AKGC417L.wav,0.0033692539153132,COPD
156_8b3_Ar_mc_AKGC417L.wav,0.0735367423143851,COPD
156_8b3_Ll_mc_AKGC417L.wav,0.0040552267618909,COPD
156_8b3_Lr_mc_AKGC417L.wav,0.0429438261310904,COPD
156_8b3_Pl_mc_AKGC417L.wav,0.0081495386818445,COPD
157_1b1_Al_sc_Meditron.wav,0.0009377021435581,COPD
157_1b1_Ar_sc_Meditron.wav,0.0018466511085831,COPD
157_1b1_Lr_sc_Meditron.wav,0.0034518961133903,COPD
157_1b1_Pl_sc_Meditron.wav,0.0017838972820088,COPD
157_1b1_Pr_sc_Meditron.wav,0.0020481584000183,COPD
158_1b3_Ar_mc_LittC2SE.wav,0.0021468514356148,COPD
158_1p2_Al_mc_AKGC417L.wav,0.0049785428146751,COPD
158_1p2_Ar_mc_AKGC417L.wav,0.004697582837877,COPD
158_1p2_Ll_mc_AKGC417L.wav,0.0066116226798143,COPD
158_1p2_Lr_mc_AKGC417L.wav,0.0052753634353248,COPD
158_1p2_Pl_mc_AKGC417L.wav,0.0035035029364849,COPD
158_1p2_Pr_mc_AKGC417L.wav,0.0032769223100348,COPD
158_1p2_Tc_mc_AKGC417L.wav,0.0051558421548723,COPD
158_1p3_Al_mc_AKGC417L.wav,0.005059545388631,COPD
158_1p3_Ar_mc_AKGC417L.wav,0.0048618537920533,COPD
158_1p3_Ll_mc_AKGC417L.wav,0.0068399026609628,COPD
158_1p3_Lr_mc_AKGC417L.wav,0.0060162820838167,COPD
158_1p3_Pl_mc_AKGC417L.wav,0.0041753144939095,COPD
158_1p3_Pr_mc_AKGC417L.wav,0.0032684255365429,COPD
158_1p3_Tc_mc_AKGC417L.wav,0.0077501903277262,COPD
158_1p4_Al_mc_AKGC417L.wav,0.0049173660455336,COPD
158_1p4_Ar_mc_AKGC417L.wav,0.0044664705988979,COPD
158_1p4_Lr_mc_AKGC417L.wav,0.0060463040168213,COPD
158_1p4_Pl_mc_AKGC417L.wav,0.0033380990791763,COPD
158_1p4_Pr_mc_AKGC417L.wav,0.0030327816850348,COPD
158_1p4_Tc_mc_AKGC417L.wav,0.0064892691415313,COPD
158_2p2_Ar_mc_AKGC417L.wav,0.0419598997607308,COPD
158_2p3_Lr_mc_AKGC417L.wav,0.0118847203088747,COPD
158_2p3_Tc_mc_AKGC417L.wav,0.0090360353828306,COPD
159_1b1_Al_sc_Meditron.wav,0.0023728656104988,Healthy
159_1b1_Ar_sc_Meditron.wav,0.0059194188660092,Healthy
159_1b1_Ll_sc_Meditron.wav,0.0021564811122389,Healthy
159_1b1_Pr_sc_Meditron.wav,0.002807900413283,Healthy
160_1b2_Al_mc_AKGC417L.wav,0.0033171403712296,COPD
160_1b2_Ar_mc_AKGC417L.wav,0.0029296875,COPD
160_1b2_Lr_mc_AKGC417L.wav,0.0031551352233178,COPD
160_1b2_Pl_mc_AKGC417L.wav,0.0065980278422273,COPD
160_1b2_Pr_mc_AKGC417L.wav,0.0080594728828306,COPD
160_1b2_Tc_mc_AKGC417L.wav,0.0039855532192575,COPD
160_1b3_Al_mc_AKGC417L.wav,0.0036133945403132,COPD
160_1b3_Ar_mc_AKGC417L.wav,0.0030599713602088,COPD
160_1b3_Lr_mc_AKGC417L.wav,0.0031823248984918,COPD
160_1b3_Pl_mc_AKGC417L.wav,0.0047434654147331,COPD
160_1b3_Pr_mc_AKGC417L.wav,0.0060128833744199,COPD
160_1b3_Tc_mc_AKGC417L.wav,0.004055793213457,COPD
160_1b4_Al_mc_AKGC417L.wav,0.003608296476218,COPD
160_1b4_Ar_mc_AKGC417L.wav,0.003120015226218,COPD
160_1b4_Lr_mc_AKGC417L.wav,0.0030945249057424,COPD
160_1b4_Pl_mc_AKGC417L.wav,0.0047598925101508,COPD
160_1b4_Pr_mc_AKGC417L.wav,0.0065974613906612,COPD
160_1b4_Tc_mc_AKGC417L.wav,0.0036791029219837,COPD
160_2b3_Lr_mc_AKGC417L.wav,0.0033313016603828,COPD
160_2b4_Ar_mc_AKGC417L.wav,0.002509380437935,COPD
160_2b4_Pl_mc_AKGC417L.wav,0.0060474369199535,COPD
160_2b4_Pr_mc_AKGC417L.wav,0.0082775567357888,COPD
160_2b4_Tc_mc_AKGC417L.wav,0.0052113544083526,COPD
162_1b2_Al_mc_AKGC417L.wav,0.0059715324100928,COPD
162_1b2_Ar_mc_AKGC417L.wav,0.0056679143706496,COPD
162_1b2_Ll_mc_AKGC417L.wav,0.0114825396969257,COPD
162_1b2_Lr_mc_AKGC417L.wav,0.0036048977668213,COPD
162_1b2_Pl_mc_AKGC417L.wav,0.0054311376160092,COPD
162_1b2_Pr_mc_AKGC417L.wav,0.0064921013993619,COPD
162_1b2_Tc_mc_AKGC417L.wav,0.022800241988109,COPD
162_2b2_Al_mc_AKGC417L.wav,0.0058627737093967,COPD
162_2b2_Ar_mc_AKGC417L.wav,0.005805562101218,COPD
162_2b2_Pl_mc_AKGC417L.wav,0.0063148020591647,COPD
162_2b2_Pr_mc_AKGC417L.wav,0.0076929787195475,COPD
162_2b2_Tc_mc_AKGC417L.wav,0.0154244761455916,COPD
162_2b3_Al_mc_AKGC417L.wav,0.0071882703741299,COPD
162_2b3_Ar_mc_AKGC417L.wav,0.0065209904292343,COPD
162_2b3_Lr_mc_AKGC417L.wav,0.0045905234918793,COPD
162_2b3_Pl_mc_AKGC417L.wav,0.0063782446345707,COPD
162_2b3_Pr_mc_AKGC417L.wav,0.0084894096215197,COPD
162_2b3_Tc_mc_AKGC417L.wav,0.0399631579901392,COPD
162_2b4_Al_mc_AKGC417L.wav,0.0073848290675754,COPD
162_2b4_Ar_mc_AKGC417L.wav,0.0055002447070765,COPD
162_2b4_Lr_mc_AKGC417L.wav,0.004159453850058,COPD
162_2b4_Pl_mc_AKGC417L.wav,0.0061052149796983,COPD
162_2b4_Pr_mc_AKGC417L.wav,0.0085239631670533,COPD
162_2b4_Tc_mc_AKGC417L.wav,0.0523542859991299,COPD
163_2b2_Al_mc_AKGC417L.wav,0.0032202771534222,COPD
163_2b2_Ar_mc_AKGC417L.wav,0.0059205517691415,COPD
163_2b2_Ll_mc_AKGC417L.wav,0.0094353837369489,COPD
163_2b2_Lr_mc_AKGC417L.wav,0.0082112819025522,COPD
163_2b2_Pl_mc_AKGC417L.wav,0.0046851209034222,COPD
163_2b2_Pr_mc_AKGC417L.wav,0.0071769413428074,COPD
163_2b2_Tc_mc_AKGC417L.wav,0.0154663935614849,COPD
163_8b3_Al_mc_AKGC417L.wav,0.0058944949970997,COPD
163_8b3_Ar_mc_AKGC417L.wav,0.0086168612238979,COPD
163_8b3_Ll_mc_AKGC417L.wav,0.0053778911687935,COPD
163_8b3_Lr_mc_AKGC417L.wav,0.0854180639138631,COPD
163_8b3_Pl_mc_AKGC417L.wav,0.017641567575406,COPD
163_8b3_Pr_mc_AKGC417L.wav,0.0074907555104408,COPD
166_1p1_Al_sc_Meditron.wav,0.001253492681444,COPD
166_1p1_Ar_sc_Meditron.wav,0.001219150416199,COPD
166_1p1_Ll_sc_Meditron.wav,0.0010687280371485,COPD
166_1p1_Pl_sc_Meditron.wav,0.00111441307578,COPD
166_1p1_Pr_sc_Meditron.wav,0.0009921613809435,COPD
170_1b2_Al_mc_AKGC417L.wav,0.0171974695475638,COPD
170_1b2_Ar_mc_AKGC417L.wav,0.0070772458671693,COPD
170_1b2_Lr_mc_AKGC417L.wav,0.0116711680684454,COPD
170_1b2_Pl_mc_AKGC417L.wav,0.0078980341864849,COPD
170_1b2_Pr_mc_AKGC417L.wav,0.0123509099477958,COPD
170_1b2_Tc_mc_AKGC417L.wav,0.0103468043068445,COPD
170_1b3_Al_mc_AKGC417L.wav,0.0169669237601508,COPD
170_1b3_Ar_mc_AKGC417L.wav,0.0076012135658352,COPD
170_1b3_Ll_mc_AKGC417L.wav,0.0120087732018561,COPD
170_1b3_Lr_mc_AKGC417L.wav,0.0103972184962296,COPD
170_1b3_Pl_mc_AKGC417L.wav,0.0096279772694315,COPD
170_1b3_Pr_mc_AKGC417L.wav,0.012510082837877,COPD
170_1b3_Tc_mc_AKGC417L.wav,0.0124947886455916,COPD
170_1b4_Al_mc_AKGC417L.wav,0.0191098100348027,COPD
170_1b4_Ar_mc_AKGC417L.wav,0.00765899162558,COPD
170_1b4_Lr_mc_AKGC417L.wav,0.0109013603900812,COPD
170_1b4_Pl_mc_AKGC417L.wav,0.0091210031177494,COPD
170_1b4_Pr_mc_AKGC417L.wav,0.0122245912485498,COPD
170_1b4_Tc_mc_AKGC417L.wav,0.0118161796693735,COPD
170_2b2_Al_mc_AKGC417L.wav,0.0100856701348607,COPD
170_2b2_Ar_mc_AKGC417L.wav,0.0116598390371229,COPD
170_2b2_Lr_mc_AKGC417L.wav,0.0147957149071925,COPD
170_2b2_Pl_mc_AKGC417L.wav,0.0073780316487819,COPD
170_2b2_Pr_mc_AKGC417L.wav,0.0101406159367749,COPD
170_2b2_Tc_mc_AKGC417L.wav,0.0103235797926334,COPD
171_1b1_Al_sc_Meditron.wav,0.0019061095200116,Healthy
172_1b3_Al_mc_AKGC417L.wav,0.0077558548433874,COPD
172_1b3_Ar_mc_AKGC417L.wav,0.0044313506017981,COPD
172_1b3_Ll_mc_AKGC417L.wav,0.010181966901102,COPD
172_1b3_Lr_mc_AKGC417L.wav,0.0029155262108468,COPD
172_1b3_Pl_mc_AKGC417L.wav,0.006867658787703,COPD
172_1b3_Pr_mc_AKGC417L.wav,0.0094189566415313,COPD
172_1b3_Tc_mc_AKGC417L.wav,0.0075230432497099,COPD
172_1b4_Al_mc_AKGC417L.wav,0.0124721305829466,COPD
172_1b4_Ar_mc_AKGC417L.wav,0.0072041310179814,COPD
172_1b4_Ll_mc_AKGC417L.wav,0.0100703759425754,COPD
172_1b4_Lr_mc_AKGC417L.wav,0.0039181454828886,COPD
172_1b4_Pl_mc_AKGC417L.wav,0.0078272277407192,COPD
172_1b4_Pr_mc_AKGC417L.wav,0.0099633165965777,COPD
172_1b4_Tc_mc_AKGC417L.wav,0.0136350556482018,COPD
172_1b5_Al_mc_AKGC417L.wav,0.0094761682497099,COPD
172_1b5_Ar_mc_AKGC417L.wav,0.0043950977015661,COPD
172_1b5_Ll_mc_AKGC417L.wav,0.0099383927276682,COPD
172_1b5_Lr_mc_AKGC417L.wav,0.0029874655597447,COPD
172_1b5_Pl_mc_AKGC417L.wav,0.0068506652407192,COPD
172_1b5_Pr_mc_AKGC417L.wav,0.0108730378117749,COPD
172_1b5_Tc_mc_AKGC417L.wav,0.0072636084324245,COPD
172_2b5_Al_mc_AKGC417L.wav,0.0045944886528422,COPD
172_2b5_Ar_mc_AKGC417L.wav,0.0048442937935034,COPD
172_2b5_Lr_mc_AKGC417L.wav,0.0017956514646171,COPD
172_2b5_Pl_mc_AKGC417L.wav,0.0056441234048723,COPD
172_2b5_Pr_mc_AKGC417L.wav,0.0070466574825986,COPD
172_2b5_Tc_mc_AKGC417L.wav,0.0050391531322505,COPD
174_1p2_Ar_mc_AKGC417L.wav,0.0044602396316705,COPD
174_1p2_Ll_mc_AKGC417L.wav,0.009829067575406,COPD
174_1p2_Lr_mc_AKGC417L.wav,0.0058457801624129,COPD
174_1p2_Pl_mc_AKGC417L.wav,0.0058627737093967,COPD
174_1p2_Pr_mc_AKGC417L.wav,0.0038428074245939,COPD
174_1p2_Tc_mc_AKGC417L.wav,0.0045797609121229,COPD
174_1p3_Ar_mc_AKGC417L.wav,0.0046511338094547,COPD
174_1p3_Ll_mc_AKGC417L.wav,0.0093096314892691,COPD
174_1p3_Lr_mc_AKGC417L.wav,0.0057744072650812,COPD
174_1p3_Pl_mc_AKGC417L.wav,0.0058661724187935,COPD
174_1p3_Pr_mc_AKGC417L.wav,0.0045282138196055,COPD
174_1p3_Tc_mc_AKGC417L.wav,0.0028005365429234,COPD
174_1p4_Ar_mc_AKGC417L.wav,0.0044755338239559,COPD
174_1p4_Ll_mc_AKGC417L.wav,0.009191809563515,COPD
174_1p4_Lr_mc_AKGC417L.wav,0.0059766304741879,COPD
174_1p4_Pl_mc_AKGC417L.wav,0.0061131453016241,COPD
174_1p4_Pr_mc_AKGC417L.wav,0.0045372770446635,COPD
174_1p4_Tc_mc_AKGC417L.wav,0.0053858214907192,COPD
174_2p3_Al_mc_AKGC417L.wav,0.004263680938225,COPD
174_2p3_Ar_mc_AKGC417L.wav,0.0142666491444315,COPD
174_2p3_Pl_mc_AKGC417L.wav,0.0050884344185034,COPD
174_2p3_Pr_mc_AKGC417L.wav,0.0037544409802784,COPD
174_2p3_Tc_mc_AKGC417L.wav,0.0034202345562645,COPD
175_1b1_Al_sc_Litt3200.wav,0.0087410151445264,COPD
175_1b1_Ar_sc_Litt3200.wav,0.004355745789007,COPD
175_1b1_Ll_sc_Litt3200.wav,0.0058369824840764,COPD
175_1b1_Lr_sc_Litt3200.wav,0.0044463783182123,COPD
175_1b1_Pl_sc_Litt3200.wav,0.0076593239761777,COPD
175_1b1_Pr_sc_Litt3200.wav,0.0054522485283933,COPD
176_1b3_Al_mc_AKGC417L.wav,0.006474541400812,COPD
176_1b3_Ar_mc_AKGC417L.wav,0.0043673415748259,COPD
176_1b3_Ll_mc_AKGC417L.wav,0.0108435823303364,COPD
176_1b3_Lr_mc_AKGC417L.wav,0.0024397068953016,COPD
176_1b3_Pl_mc_AKGC417L.wav,0.0062513594837587,COPD
176_1b3_Pr_mc_AKGC417L.wav,0.0061057814312645,COPD
176_1b3_Tc_mc_AKGC417L.wav,0.0070302303871809,COPD
176_1b4_Al_mc_AKGC417L.wav,0.0065787684889791,COPD
176_1b4_Ar_mc_AKGC417L.wav,0.0042217635223317,COPD
176_1b4_Ll_mc_AKGC417L.wav,0.0121809744779582,COPD
176_1b4_Lr_mc_AKGC417L.wav,0.0025224088239559,COPD
176_1b4_Pl_mc_AKGC417L.wav,0.0063419917343387,COPD
176_1b4_Pr_mc_AKGC417L.wav,0.0072449155307424,COPD
176_1b4_Tc_mc_AKGC417L.wav,0.0071367232816125,COPD
176_2b3_Al_mc_AKGC417L.wav,0.0055398963167053,COPD
176_2b3_Ar_mc_AKGC417L.wav,0.0046143144576566,COPD
176_2b3_Ll_mc_AKGC417L.wav,0.0105501604190835,COPD
176_2b3_Lr_mc_AKGC417L.wav,0.0075389038935614,COPD
176_2b3_Pl_mc_AKGC417L.wav,0.0074426071273201,COPD
176_2b3_Pr_mc_AKGC417L.wav,0.007568359375,COPD
176_2b3_Tc_mc_AKGC417L.wav,0.006022513051044,COPD
177_1b2_Al_mc_AKGC417L.wav,0.0031364423216357,COPD
177_1b2_Ar_mc_AKGC417L.wav,0.0046494344547563,COPD
177_1b2_Lr_mc_AKGC417L.wav,0.0038235480713457,COPD
177_1b2_Pl_mc_AKGC417L.wav,0.011049770700406,COPD
177_1b2_Pr_mc_AKGC417L.wav,0.0094059282555104,COPD
177_1b2_Tc_mc_AKGC417L.wav,0.0193919029147331,COPD
177_1b4_Al_mc_AKGC417L.wav,0.003431563587587,COPD
177_1b4_Ar_mc_AKGC417L.wav,0.0053790240719257,COPD
177_1b4_Lr_mc_AKGC417L.wav,0.002093604988399,COPD
177_1b4_Pl_mc_AKGC417L.wav,0.009327191487819,COPD
177_1b4_Pr_mc_AKGC417L.wav,0.007939385150812,COPD
177_1b4_Tc_mc_AKGC417L.wav,0.0158623432062064,COPD
177_2b4_Al_mc_AKGC417L.wav,0.006845000725058,COPD
177_2b4_Lr_mc_AKGC417L.wav,0.0088496728175754,COPD
177_2b4_Pl_mc_AKGC417L.wav,0.0071786406975058,COPD
177_2b4_Pr_mc_AKGC417L.wav,0.0086837025087006,COPD
177_2b4_Tc_mc_AKGC417L.wav,0.008169930938225,COPD
178_1b2_Al_mc_AKGC417L.wav,0.0096087179161832,COPD
178_1b2_Ar_mc_AKGC417L.wav,0.0103184817285382,COPD
178_1b2_Lr_mc_AKGC417L.wav,0.0064348897911832,COPD
178_1b2_Pl_mc_AKGC417L.wav,0.0084860109121229,COPD
178_1b2_Pr_mc_AKGC417L.wav,0.0134249021171693,COPD
178_1b2_Tc_mc_AKGC417L.wav,0.010525236550174,COPD
178_1b3_Al_mc_AKGC417L.wav,0.008866099912993,COPD
178_1b3_Ar_mc_AKGC417L.wav,0.0153644322795823,COPD
178_1b3_Lr_mc_AKGC417L.wav,0.0046137480060904,COPD
178_1b3_Pl_mc_AKGC417L.wav,0.0078091012906032,COPD
178_1b3_Pr_mc_AKGC417L.wav,0.0131864260078306,COPD
178_1b3_Tc_mc_AKGC417L.wav,0.0110214481220997,COPD
178_1b6_Al_mc_AKGC417L.wav,0.0088394766893851,COPD
178_1b6_Ar_mc_AKGC417L.wav,0.0183666255800464,COPD
178_1b6_Ll_mc_AKGC417L.wav,0.0144886981583526,COPD
178_1b6_Lr_mc_AKGC417L.wav,0.0053676950406032,COPD
178_1b6_Pl_mc_AKGC417L.wav,0.0096104172708816,COPD
178_1b6_Pr_mc_AKGC417L.wav,0.0095180856656032,COPD
178_1b6_Tc_mc_AKGC417L.wav,0.0103145165675754,COPD
178_2b2_Al_mc_AKGC417L.wav,0.014228130437935,COPD
178_2b2_Ar_mc_AKGC417L.wav,0.00848204575116,COPD
178_2b2_Lr_mc_AKGC417L.wav,0.0071225619924593,COPD
178_2b2_Pr_mc_AKGC417L.wav,0.0160079212587006,COPD
178_2b2_Tc_mc_AKGC417L.wav,0.0099905062717517,COPD
179_1b1_Al_sc_Meditron.wav,0.0052204176334106,Healthy
179_1b1_Tc_sc_Meditron.wav,0.0123424131743039,Healthy
180_1b4_Al_mc_AKGC417L.wav,0.0079875335339327,COPD
180_1b4_Ar_mc_AKGC417L.wav,0.0095928572723317,COPD
180_1b4_Lr_mc_AKGC417L.wav,0.0068234755655452,COPD
180_1b4_Pl_mc_AKGC417L.wav,0.0083976444678074,COPD
180_1b4_Pr_mc_AKGC417L.wav,0.0074816922853828,COPD
181_1b1_Ar_mc_LittC2SE.wav,0.0041872099767981,COPD
181_1b1_Tc_mc_LittC2SE.wav,0.0150931019794083,COPD
181_1b2_Ar_mc_LittC2SE.wav,0.0026453288138051,COPD
181_1b3_Tc_mc_LittC2SE.wav,0.013513835013051,COPD
182_1b1_Tc_sc_Meditron.wav,0.0021615791763341,Healthy
183_1b1_Pl_sc_Meditron.wav,0.0022992269069025,Healthy
183_1b1_Tc_sc_Meditron.wav,0.0068189439530162,Healthy
184_1b1_Ar_sc_Meditron.wav,0.0022187907845127,Healthy
185_1b1_Al_sc_Litt3200.wav,0.0037849378881987,COPD
185_1b1_Ar_sc_Litt3200.wav,0.0064003236832157,COPD
185_1b1_Ll_sc_Litt3200.wav,0.0040998081961077,COPD
185_1b1_Lr_sc_Litt3200.wav,0.0040107167922576,COPD
185_1b1_Pl_sc_Litt3200.wav,0.0043267648311648,COPD
185_1b1_Pr_sc_Litt3200.wav,0.0035662303939176,COPD
186_2b2_Al_mc_AKGC417L.wav,0.0061731891676334,COPD
186_2b2_Ar_mc_AKGC417L.wav,0.003693830662703,COPD
186_2b2_Lr_mc_AKGC417L.wav,0.004069388051044,COPD
186_2b2_Pl_mc_AKGC417L.wav,0.0085732444533062,COPD
186_2b2_Pr_mc_AKGC417L.wav,0.0111891177856728,COPD
186_2b2_Tc_mc_AKGC417L.wav,0.0063850420533642,COPD
186_2b3_Al_mc_AKGC417L.wav,0.0070370278059744,COPD
186_2b3_Ar_mc_AKGC417L.wav,0.0035573158352668,COPD
186_2b3_Lr_mc_AKGC417L.wav,0.003693830662703,COPD
186_2b3_Pl_mc_AKGC417L.wav,0.0087188225058004,COPD
186_2b3_Pr_mc_AKGC417L.wav,0.0122699073738399,COPD
186_2b3_Tc_mc_AKGC417L.wav,0.0056599840487238,COPD
186_2b4_Al_mc_AKGC417L.wav,0.0069192058802204,COPD
186_2b4_Ar_mc_AKGC417L.wav,0.0032667261818445,COPD
186_2b4_Lr_mc_AKGC417L.wav,0.0033318681119489,COPD
186_2b4_Pl_mc_AKGC417L.wav,0.0074295787412993,COPD
186_2b4_Pr_mc_AKGC417L.wav,0.0103870223680394,COPD
186_2b4_Tc_mc_AKGC417L.wav,0.0060032536977958,COPD
186_3b3_Al_mc_AKGC417L.wav,0.0039498667705916,COPD
186_3b3_Ar_mc_AKGC417L.wav,0.0026549584904292,COPD
186_3b3_Lr_mc_AKGC417L.wav,0.0025830191415313,COPD
186_3b3_Pl_mc_AKGC417L.wav,0.0069781168430974,COPD
186_3b3_Pr_mc_AKGC417L.wav,0.010407981075986,COPD
186_3b3_Tc_mc_AKGC417L.wav,0.0055336653494779,COPD
187_1b1_Ll_sc_Meditron.wav,0.0017962179161832,Healthy
189_1b2_Lr_mc_LittC2SE.wav,0.0051297853828306,COPD
191_2b1_Pl_mc_LittC2SE.wav,0.0011278050681554,Pneumonia
191_2b1_Pr_mc_LittC2SE.wav,0.0013464553726798,Pneumonia
191_2b2_Tc_mc_LittC2SE.wav,0.002383061738689,Pneumonia
192_2b1_Al_mc_LittC2SE.wav,0.0030639365211716,COPD
192_2b1_Ar_mc_LittC2SE.wav,0.0033488616589327,COPD
192_2b2_Al_mc_LittC2SE.wav,0.0031149171621229,COPD
192_2b2_Ar_mc_LittC2SE.wav,0.002699141712587,COPD
192_2b3_Al_mc_LittC2SE.wav,0.002853216538573,COPD
192_2b3_Ar_mc_LittC2SE.wav,0.0023977894794083,COPD
193_1b2_Al_mc_AKGC417L.wav,0.007898600638051,COPD
193_1b2_Ar_mc_AKGC417L.wav,0.0088428753987819,COPD
193_1b2_Ll_mc_AKGC417L.wav,0.0168372063515081,COPD
193_1b2_Pl_mc_AKGC417L.wav,0.0055166718024941,COPD
193_1b2_Pr_mc_AKGC417L.wav,0.0067203813805104,COPD
193_1b2_Tc_mc_AKGC417L.wav,0.0174988217807424,COPD
193_1b4_Lr_mc_AKGC417L.wav,0.0094229218024942,COPD
193_7b3_Al_mc_AKGC417L.wav,0.0043055983541183,COPD
193_7b3_Ar_mc_AKGC417L.wav,0.017243918575986,COPD
193_7b3_Ll_mc_AKGC417L.wav,0.0054883492241879,COPD
193_7b3_Lr_mc_AKGC417L.wav,0.0283486350783062,COPD
193_7b3_Pl_mc_AKGC417L.wav,0.0088672328161252,COPD
193_7b3_Pr_mc_AKGC417L.wav,0.0056395917923433,COPD
193_7b3_Tc_mc_AKGC417L.wav,0.0073185542343387,COPD
194_1b1_Lr_sc_Meditron.wav,0.0021315572433294,Healthy
194_1b1_Pr_sc_Meditron.wav,0.0021814049811484,Healthy
195_1b1_Al_sc_Litt3200.wav,0.0044404128502155,COPD
195_1b1_Ar_sc_Litt3200.wav,0.0048204546004256,COPD
195_1b1_Ll_sc_Litt3200.wav,0.0048335701873232,COPD
195_1b1_Lr_sc_Litt3200.wav,0.0044079088184931,COPD
195_1b1_Pl_sc_Litt3200.wav,0.004583727275743,COPD
195_1b1_Pr_sc_Litt3200.wav,0.0045906751886609,COPD
198_1b5_Al_mc_AKGC417L.wav,0.00335509262616,COPD
198_1b5_Ar_mc_AKGC417L.wav,0.0053676950406032,COPD
198_1b5_Ll_mc_AKGC417L.wav,0.0040048125725058,COPD
198_1b5_Lr_mc_AKGC417L.wav,0.0059330137035962,COPD
198_1b5_Pl_mc_AKGC417L.wav,0.0036434164733178,COPD
198_1b5_Pr_mc_AKGC417L.wav,0.0081314122317285,COPD
198_1b5_Tc_mc_AKGC417L.wav,0.0077377283932714,COPD
198_6p1_Al_mc_AKGC417L.wav,0.0090552947360788,COPD
198_6p1_Ar_mc_AKGC417L.wav,0.0072845671403712,COPD
198_6p1_Ll_mc_AKGC417L.wav,0.0059007259643271,COPD
198_6p1_Lr_mc_AKGC417L.wav,0.0079999954683874,COPD
198_6p1_Pl_mc_AKGC417L.wav,0.0058854317720417,COPD
198_6p1_Pr_mc_AKGC417L.wav,0.0062422962587006,COPD
198_6p1_Tc_mc_AKGC417L.wav,0.0106515552494199,COPD
199_2b1_Ll_mc_LittC2SE.wav,0.0013917714979698,COPD
199_2b3_Ll_mc_LittC2SE.wav,0.001379309563515,COPD
200_2p2_Al_mc_AKGC417L.wav,0.0156317974187935,COPD
200_2p2_Ar_mc_AKGC417L.wav,0.0047094783207656,COPD
200_2p2_Lr_mc_AKGC417L.wav,0.0071282265081206,COPD
200_2p2_Pl_mc_AKGC417L.wav,0.0056871737238979,COPD
200_2p2_Pr_mc_AKGC417L.wav,0.0059245169301044,COPD
200_2p2_Tc_mc_AKGC417L.wav,0.0072228239196635,COPD
200_2p3_Al_mc_AKGC417L.wav,0.0118303409585266,COPD
200_2p3_Ar_mc_AKGC417L.wav,0.0043299557714617,COPD
200_2p3_Lr_mc_AKGC417L.wav,0.0074301451928654,COPD
200_2p3_Pl_mc_AKGC417L.wav,0.0066456097737819,COPD
200_2p3_Pr_mc_AKGC417L.wav,0.0061935814240139,COPD
200_2p3_Tc_mc_AKGC417L.wav,0.010855477813225,COPD
200_2p4_Al_mc_AKGC417L.wav,0.0138752311122389,COPD
200_2p4_Ar_mc_AKGC417L.wav,0.0054900485788863,COPD
200_2p4_Lr_mc_AKGC417L.wav,0.008418603175754,COPD
200_2p4_Pl_mc_AKGC417L.wav,0.0057540150087006,COPD
200_2p4_Pr_mc_AKGC417L.wav,0.0066897929959396,COPD
200_2p4_Tc_mc_AKGC417L.wav,0.0091850121447215,COPD
200_3p4_Al_mc_AKGC417L.wav,0.0121243293213457,COPD
200_3p4_Ar_mc_AKGC417L.wav,0.0041787132033062,COPD
200_3p4_Pl_mc_AKGC417L.wav,0.0049966692647911,COPD
200_3p4_Pr_mc_AKGC417L.wav,0.0067164162195475,COPD
200_3p4_Tc_mc_AKGC417L.wav,0.0060876549811484,COPD
202_1b1_Ar_sc_Meditron.wav,0.0031655279161781,Healthy
203_1p2_Al_mc_AKGC417L.wav,0.0052866924666473,COPD
203_1p2_Ar_mc_AKGC417L.wav,0.0038541364559164,COPD
203_1p2_Lr_mc_AKGC417L.wav,0.010552426225348,COPD
203_1p2_Pl_mc_AKGC417L.wav,0.0075502329248839,COPD
203_1p2_Pr_mc_AKGC417L.wav,0.0068036497607308,COPD
203_1p2_Tc_mc_AKGC417L.wav,0.0059165866081786,COPD
203_1p3_Al_mc_AKGC417L.wav,0.0056107027624709,COPD
203_1p3_Ar_mc_AKGC417L.wav,0.0038416745214617,COPD
203_1p3_Pl_mc_AKGC417L.wav,0.0071321916690835,COPD
203_1p3_Pr_mc_AKGC417L.wav,0.0047366679959396,COPD
203_1p3_Tc_mc_AKGC417L.wav,0.0075711916328306,COPD
203_1p4_Al_mc_AKGC417L.wav,0.005258369888341,COPD
203_1p4_Ar_mc_AKGC417L.wav,0.0036445493764501,COPD
203_1p4_Pl_mc_AKGC417L.wav,0.0074069206786542,COPD
203_1p4_Pr_mc_AKGC417L.wav,0.0049422899144431,COPD
203_1p4_Tc_mc_AKGC417L.wav,0.0059822949898491,COPD
203_2p3_Al_mc_AKGC417L.wav,0.004706646062935,COPD
203_2p3_Ar_mc_AKGC417L.wav,0.0039634616081786,COPD
203_2p3_Pl_mc_AKGC417L.wav,0.0058395491951856,COPD
203_2p3_Pr_mc_AKGC417L.wav,0.0073938922926334,COPD
203_2p3_Tc_mc_AKGC417L.wav,0.0079082303146751,COPD
204_2b5_Al_mc_AKGC417L.wav,0.0094891966357308,COPD
204_2b5_Ar_mc_AKGC417L.wav,0.0368499401827146,COPD
204_2b5_Ll_mc_AKGC417L.wav,0.0054770201928654,COPD
204_7p5_Al_mc_AKGC417L.wav,0.0659015416545823,COPD
204_7p5_Ar_mc_AKGC417L.wav,0.0672763196055684,COPD
204_7p5_Ll_mc_AKGC417L.wav,0.0381805349115429,COPD
204_7p5_Lr_mc_AKGC417L.wav,0.1035303527407192,COPD
204_7p5_Pr_mc_AKGC417L.wav,0.0228750135948375,COPD
204_7p5_Tc_mc_AKGC417L.wav,0.0455523355930974,COPD
205_1b3_Al_mc_AKGC417L.wav,0.0057002021099187,COPD
205_1b3_Ar_mc_AKGC417L.wav,0.0078402561267401,COPD
205_1b3_Ll_mc_AKGC417L.wav,0.0030826294228538,COPD
205_1b3_Lr_mc_AKGC417L.wav,0.0062298343242459,COPD
205_1b3_Pl_mc_AKGC417L.wav,0.0062145401319605,COPD
205_1b3_Pr_mc_AKGC417L.wav,0.0103099849550464,COPD
205_2b2_Pr_mc_AKGC417L.wav,0.0189206152117169,COPD
205_2b3_Al_mc_AKGC417L.wav,0.0068053491154292,COPD
205_2b3_Ar_mc_AKGC417L.wav,0.0048692176624129,COPD
205_2b3_Ll_mc_AKGC417L.wav,0.0033380990791763,COPD
205_2b4_Pl_mc_AKGC417L.wav,0.0095684998549883,COPD
205_3b4_Al_mc_AKGC417L.wav,0.0057914008120649,COPD
205_3b4_Ar_mc_AKGC417L.wav,0.0065765026827146,COPD
205_3b4_Pl_mc_AKGC417L.wav,0.0049383247534802,COPD
205_3b4_Pr_mc_AKGC417L.wav,0.0068144123404872,COPD
205_4b2_Al_mc_AKGC417L.wav,0.006632581387761,COPD
205_4b2_Ar_mc_AKGC417L.wav,0.0133705227668213,COPD
205_4b2_Lr_mc_AKGC417L.wav,0.0064943672056264,COPD
205_4b2_Pl_mc_AKGC417L.wav,0.0068727568517981,COPD
205_4b2_Pr_mc_AKGC417L.wav,0.0081784277117169,COPD
207_2b2_Al_mc_AKGC417L.wav,0.0066070910672853,COPD
207_2b2_Ar_mc_AKGC417L.wav,0.0072981619779582,COPD
207_2b2_Pl_mc_AKGC417L.wav,0.0113998377682714,COPD
207_2b2_Pr_mc_AKGC417L.wav,0.0092750779437354,COPD
207_2b2_Tc_mc_AKGC417L.wav,0.0214384924231438,COPD
207_2b3_Al_mc_AKGC417L.wav,0.00712539425029,COPD
207_2b3_Ar_mc_AKGC417L.wav,0.0066807297708816,COPD
207_2b3_Pl_mc_AKGC417L.wav,0.0083087115719257,COPD
207_2b3_Pr_mc_AKGC417L.wav,0.0102612701203596,COPD
207_2b3_Tc_mc_AKGC417L.wav,0.0314975393343967,COPD
207_2b4_Al_mc_AKGC417L.wav,0.0064411207584106,COPD
207_2b4_Ar_mc_AKGC417L.wav,0.0062015117459396,COPD
207_2b4_Pl_mc_AKGC417L.wav,0.0081115864269141,COPD
207_2b4_Pr_mc_AKGC417L.wav,0.009942357888631,COPD
207_2b4_Tc_mc_AKGC417L.wav,0.0202234538138051,COPD
207_3b2_Al_mc_AKGC417L.wav,0.0045474731728538,COPD
207_3b2_Ar_mc_AKGC417L.wav,0.0063941052784222,COPD
207_3b2_Lr_mc_AKGC417L.wav,0.0024040204466357,COPD
207_3b2_Pl_mc_AKGC417L.wav,0.0066954575116009,COPD
207_3b2_Pr_mc_AKGC417L.wav,0.0095254495359628,COPD
207_3b2_Tc_mc_AKGC417L.wav,0.0079988625652552,COPD
208_1b1_Ll_sc_Meditron.wav,0.00234375,Healthy
209_1b1_Tc_sc_Meditron.wav,0.0108254558802204,Healthy
211_1p2_Ar_mc_AKGC417L.wav,0.0049066034657772,COPD
211_1p2_Pl_mc_AKGC417L.wav,0.0069826484556264,COPD
211_1p2_Pr_mc_AKGC417L.wav,0.0115261564675174,COPD
211_1p3_Ar_mc_AKGC417L.wav,0.0045944886528422,COPD
211_1p5_Ar_mc_AKGC417L.wav,0.0053563660092807,COPD
211_2p2_Tc_mc_AKGC417L.wav,0.0025439339834686,COPD
211_2p3_Tc_mc_AKGC417L.wav,0.0025733894649071,COPD
211_2p4_Tc_mc_AKGC417L.wav,0.0028775739559164,COPD
212_2b2_Tc_mc_LittC2SE.wav,0.0020675482163573,COPD
213_1p2_Al_mc_AKGC417L.wav,0.0042880383555684,COPD
213_1p2_Ar_mc_AKGC417L.wav,0.009182746338457,COPD
213_1p2_Lr_mc_AKGC417L.wav,0.0089555992604408,COPD
213_1p2_Pl_mc_AKGC417L.wav,0.0066943246084686,COPD
213_1p2_Pr_mc_AKGC417L.wav,0.0042880383555684,COPD
213_1p2_Tc_mc_AKGC417L.wav,0.0109687681264501,COPD
213_1p3_Al_mc_AKGC417L.wav,0.0035748758338167,COPD
213_1p3_Ar_mc_AKGC417L.wav,0.0037113906612529,COPD
213_1p3_Pl_mc_AKGC417L.wav,0.0093067992314385,COPD
213_1p3_Pr_mc_AKGC417L.wav,0.0041662512688515,COPD
213_1p5_Al_mc_AKGC417L.wav,0.0039866861223897,COPD
213_1p5_Ar_mc_AKGC417L.wav,0.0034621519721577,COPD
213_1p5_Pl_mc_AKGC417L.wav,0.0102114223825406,COPD
213_1p5_Pr_mc_AKGC417L.wav,0.0036728719547563,COPD
213_1p5_Tc_mc_AKGC417L.wav,0.0085182986513921,COPD
213_2p2_Al_mc_AKGC417L.wav,0.0272956016168793,COPD
213_2p2_Ar_mc_AKGC417L.wav,0.0039079493546983,COPD
213_2p2_Pl_mc_AKGC417L.wav,0.0025263739849187,COPD
213_2p2_Pr_mc_AKGC417L.wav,0.0051575415095707,COPD
213_2p2_Tc_mc_AKGC417L.wav,0.0063635168938515,COPD
214_1b1_Ar_sc_Meditron.wav,0.0038988258406432,Healthy
217_1b1_Tc_sc_Meditron.wav,0.0046873867096867,Healthy
218_1b1_Al_sc_Meditron.wav,0.0024123646854575,COPD
218_1b1_Ar_sc_Meditron.wav,0.0016285615808823,COPD
218_1b1_Lr_sc_Meditron.wav,0.0014105597382493,COPD
218_1b1_Pl_sc_Meditron.wav,0.0012729837436868,COPD
218_1b1_Pr_sc_Meditron.wav,0.0016800491898148,COPD
218_1p1_Ar_sc_Litt3200.wav,0.0040794982412316,COPD
218_1p1_Pl_sc_Litt3200.wav,0.0027101121081656,COPD
218_1p1_Pr_sc_Litt3200.wav,0.0042343265754132,COPD
219_2b1_Ar_mc_LittC2SE.wav,0.0011538618401972,Pneumonia
219_2b1_Tc_mc_LittC2SE.wav,0.0014654102015661,Pneumonia
219_2b2_Ar_mc_LittC2SE.wav,0.0009669328233758,Pneumonia
219_2b2_Tc_mc_LittC2SE.wav,0.0015900295461136,Pneumonia
219_2b3_Tc_mc_LittC2SE.wav,0.0014365211716937,Pneumonia
220_1b1_Tc_mc_LittC2SE.wav,0.0112565255220417,COPD
220_1b2_Al_mc_LittC2SE.wav,0.0053574989124129,COPD
221_2b1_Al_mc_LittC2SE.wav,0.0023224514211136,COPD
221_2b1_Ar_mc_LittC2SE.wav,0.0014563469765081,COPD
221_2b1_Lr_mc_LittC2SE.wav,0.0020681146679234,COPD
221_2b1_Pl_mc_LittC2SE.wav,0.0039085158062645,COPD
221_2b2_Al_mc_LittC2SE.wav,0.0020182669301044,COPD
221_2b2_Ar_mc_LittC2SE.wav,0.0013594837587006,COPD
221_2b2_Lr_mc_LittC2SE.wav,0.0015294192285382,COPD
221_2b2_Pl_mc_LittC2SE.wav,0.0034032410092807,COPD
221_2b3_Al_mc_LittC2SE.wav,0.0024680294736078,COPD
221_2b3_Ar_mc_LittC2SE.wav,0.00155547600058,COPD
221_2b3_Lr_mc_LittC2SE.wav,0.0023133881960556,COPD
221_2b3_Pr_mc_LittC2SE.wav,0.0022074617531902,COPD
222_1b1_Ar_sc_Meditron.wav,0.0014608851243373,COPD
222_1b1_Lr_sc_Meditron.wav,0.0010191707936308,COPD
222_1b1_Pr_sc_Meditron.wav,0.0017951562005381,COPD
223_1b1_Al_sc_Meditron.wav,0.0010668610873287,COPD
223_1b1_Ar_sc_Meditron.wav,0.0017511237157534,COPD
223_1b1_Ll_sc_Meditron.wav,0.000745397180944,COPD
223_1b1_Lr_sc_Meditron.wav,0.000957782451923,COPD
223_1b1_Pl_sc_Meditron.wav,0.0010516826923076,COPD
223_1b1_Pr_sc_Meditron.wav,0.0007512019230769,COPD
224_1b1_Tc_sc_Meditron.wav,0.0017854553364269,Healthy
224_1b2_Al_sc_Meditron.wav,0.002066415313225,Healthy
225_1b1_Pl_sc_Meditron.wav,0.0022323856220997,Healthy
226_1b1_Al_sc_Meditron.wav,0.0030089907192575,Pneumonia
226_1b1_Ll_sc_Meditron.wav,0.002034694025522,Pneumonia
226_1b1_Pl_sc_LittC2SE.wav,0.0020160011238399,Pneumonia
